,event_name,VARIANT,seqnames,exon_start,exon_end,strand,variant_position,REF,ALT,ID
12,chr7:99810756:99810576|99810646:-@chr7:99809017:99809617:-,7_99810643_T_G,chr7,99810646,99810756,-,99810643,T,G,chr7:99810756:99810576|99810646:-@chr7:99809017:99809617:-_7_99810643_T_G
14,chr7:99810756:99810646|99810670:-@chr7:99809017:99809617:-,7_99810643_T_G,chr7,99810670,99810756,-,99810643,T,G,chr7:99810756:99810646|99810670:-@chr7:99809017:99809617:-_7_99810643_T_G
15,chr9:100086063:100086185|100086220:+@chr9:100087301:100087474:+,9_100086190_G_A,chr9,100086063,100086185,+,100086190,G,A,chr9:100086063:100086185|100086220:+@chr9:100087301:100087474:+_9_100086190_G_A
22,chr18:44057915:44057603|44057617:-@chr18:44056935:44057183:-,18_44057617_C_T,chr18,44057617,44057915,-,44057617,C,T,chr18:44057915:44057603|44057617:-@chr18:44056935:44057183:-_18_44057617_C_T
23,chr17:80014162:80014267|80014426:+@chr17:80014505:80014642:+,17_80014272_G_GCC,chr17,80014162,80014267,+,80014272,G,GCC,chr17:80014162:80014267|80014426:+@chr17:80014505:80014642:+_17_80014272_G_GCC
32,chr6:10748006:10748114|10748118:+@chr6:10749435:10749501:+,6_10748122_C_T,chr6,10748006,10748114,+,10748122,C,T,chr6:10748006:10748114|10748118:+@chr6:10749435:10749501:+_6_10748122_C_T
34,chr1:23759765:23759570|23759651:-@chr1:23758189:23758411:-,1_23759654_C_T,chr1,23759651,23759765,-,23759654,C,T,chr1:23759765:23759570|23759651:-@chr1:23758189:23758411:-_1_23759654_C_T
39,chr8:94768006:94768094|94768136:+@chr8:94770711:94770804:+,8_94768091_C_G,chr8,94768006,94768094,+,94768091,C,G,chr8:94768006:94768094|94768136:+@chr8:94770711:94770804:+_8_94768091_C_G
48,chr15:41799855:41799712|41799760:-@chr15:41799293:41799488:-,15_41799711_C_T,chr15,41799760,41799855,-,41799711,C,T,chr15:41799855:41799712|41799760:-@chr15:41799293:41799488:-_15_41799711_C_T
85,chr6:36976610:36976841|36976857:+@chr6:36978749:36978826:+,6_36976838_G_A,chr6,36976610,36976841,+,36976838,G,A,chr6:36976610:36976841|36976857:+@chr6:36978749:36978826:+_6_36976838_G_A
86,chr11:94226072:94225808|94225948:-@chr11:94223999:94224131:-,11_94225807_C_T,chr11,94225948,94226072,-,94225807,C,T,chr11:94226072:94225808|94225948:-@chr11:94223999:94224131:-_11_94225807_C_T
87,chr3:10329629:10329786|10329790:+@chr3:10333752:10335133:+,3_10329788_C_G,chr3,10329629,10329786,+,10329788,C,G,chr3:10329629:10329786|10329790:+@chr3:10333752:10335133:+_3_10329788_C_G
90,chr6:73100300:73100438|73100587:+@chr6:73102400:73102512:+,6_73100588_G_A,chr6,73100300,73100438,+,73100588,G,A,chr6:73100300:73100438|73100587:+@chr6:73102400:73102512:+_6_73100588_G_A
102,chr3:123674962:123674690|123674893:-@chr3:123667743:123667979:-,3_123674892_C_A,chr3,123674893,123674962,-,123674892,C,A,chr3:123674962:123674690|123674893:-@chr3:123667743:123667979:-_3_123674892_C_A
110,chr19:39658870:39658942|39658952:+@chr19:39660172:39660397:+,19_39658939_CCAGGTGTGTG_C,chr19,39658870,39658942,+,39658939,CCAGGTGTGTG,C,chr19:39658870:39658942|39658952:+@chr19:39660172:39660397:+_19_39658939_CCAGGTGTGTG_C
111,chr1:43213083:43212924|43212943:-@chr1:43212006:43212523:-,1_43212926_G_A,chr1,43212943,43213083,-,43212926,G,A,chr1:43213083:43212924|43212943:-@chr1:43212006:43212523:-_1_43212926_G_A
113,chr9:125027741:125027824|125028059:+@chr9:125033143:125033354:+,9_125027821_C_CT,chr9,125027741,125027824,+,125027821,C,CT,chr9:125027741:125027824|125028059:+@chr9:125033143:125033354:+_9_125027821_C_CT
124,chr14:105957959:105958021|105958037:+@chr14:105958485:105958646:+,14_105958034_C_G,chr14,105957959,105958021,+,105958034,C,G,chr14:105957959:105958021|105958037:+@chr14:105958485:105958646:+_14_105958034_C_G
136,chr1:43917215:43917081|43917099:-@chr1:43916674:43916982:-,1_43917098_C_G,chr1,43917099,43917215,-,43917098,C,G,chr1:43917215:43917081|43917099:-@chr1:43916674:43916982:-_1_43917098_C_G
145,chr11:124747415:124747554|124747648:+@chr11:124747833:124748027:+,11_124747648_G_C,chr11,124747415,124747554,+,124747648,G,C,chr11:124747415:124747554|124747648:+@chr11:124747833:124748027:+_11_124747648_G_C
181,chr10:62632048:62631801|62631943:-@chr10:62629198:62631409:-,10_62631801_A_G,chr10,62631943,62632048,-,62631801,A,G,chr10:62632048:62631801|62631943:-@chr10:62629198:62631409:-_10_62631801_A_G
214,chr22:24059543:24059218|24059295:-@chr22:24057196:24057381:-,22_24059294_C_T,chr22,24059295,24059543,-,24059294,C,T,chr22:24059543:24059218|24059295:-@chr22:24057196:24057381:-_22_24059294_C_T
215,chr6:135516886:135517055|135517140:+@chr6:135520046:135520188:+,6_135517059_C_T,chr6,135516886,135517055,+,135517059,C,T,chr6:135516886:135517055|135517140:+@chr6:135520046:135520188:+_6_135517059_C_T
230,chr1:16084669:16084824|16084850:+@chr1:16090991:16091180:+,1_16084855_G_GT,chr1,16084669,16084824,+,16084855,G,GT,chr1:16084669:16084824|16084850:+@chr1:16090991:16091180:+_1_16084855_G_GT
236,chr12:6484729:6484519|6484671:-@chr12:6483534:6484003:-,12_6484666_C_G,chr12,6484671,6484729,-,6484666,C,G,chr12:6484729:6484519|6484671:-@chr12:6483534:6484003:-_12_6484666_C_G
237,chr12:6486517:6486322|6486418:-@chr12:6483534:6484003:-,12_6486320_A_G,chr12,6486418,6486517,-,6486320,A,G,chr12:6486517:6486322|6486418:-@chr12:6483534:6484003:-_12_6486320_A_G
260,chr19:55678090:55677880|55677891:-@chr19:55677697:55677785:-,19_55677886_C_A,chr19,55677891,55678090,-,55677886,C,A,chr19:55678090:55677880|55677891:-@chr19:55677697:55677785:-_19_55677886_C_A
262,chr7:150939929:150939791|150939807:-@chr7:150939567:150939689:-,7_150939790_C_T,chr7,150939807,150939929,-,150939790,C,T,chr7:150939929:150939791|150939807:-@chr7:150939567:150939689:-_7_150939790_C_T
267,chr14:24113618:24113704|24113752:+@chr14:24114036:24114091:+,14_24113702_C_T,chr14,24113618,24113704,+,24113702,C,T,chr14:24113618:24113704|24113752:+@chr14:24114036:24114091:+_14_24113702_C_T
268,chr14:24113618:24113704|24113763:+@chr14:24114036:24114091:+,14_24113702_C_T,chr14,24113618,24113704,+,24113702,C,T,chr14:24113618:24113704|24113763:+@chr14:24114036:24114091:+_14_24113702_C_T
270,chr3:49899835:49899707|49899765:-@chr3:49899478:49899609:-,3_49899768_C_A,chr3,49899765,49899835,-,49899768,C,A,chr3:49899835:49899707|49899765:-@chr3:49899478:49899609:-_3_49899768_C_A
271,chr3:49899835:49899727|49899765:-@chr3:49899478:49899609:-,3_49899768_C_A,chr3,49899765,49899835,-,49899768,C,A,chr3:49899835:49899727|49899765:-@chr3:49899478:49899609:-_3_49899768_C_A
277,chr13:79179436:79179579|79179591:+@chr13:79181107:79181345:+,13_79179581_T_G,chr13,79179436,79179579,+,79179581,T,G,chr13:79179436:79179579|79179591:+@chr13:79181107:79181345:+_13_79179581_T_G
286,chr17:62223330:62223355|62223360:+@chr17:62223590:62223836:+,17_62223352_G_A,chr17,62223330,62223355,+,62223352,G,A,chr17:62223330:62223355|62223360:+@chr17:62223590:62223836:+_17_62223352_G_A
287,chr11:66052437:66052340|66052344:-@chr11:66052051:66052254:-,11_66052339_C_T,chr11,66052344,66052437,-,66052339,C,T,chr11:66052437:66052340|66052344:-@chr11:66052051:66052254:-_11_66052339_C_T
304,chr20:17950444:17950773|17951013:+@chr20:17970582:17971762:+,20_17950772_A_G,chr20,17950444,17950773,+,17950772,A,G,chr20:17950444:17950773|17951013:+@chr20:17970582:17971762:+_20_17950772_A_G
342,chr17:39093836:39093380|39093598:-@chr17:39092460:39093205:-,17_39093376_C_T,chr17,39093598,39093836,-,39093376,C,T,chr17:39093836:39093380|39093598:-@chr17:39092460:39093205:-_17_39093376_C_T
344,chr17:39093511:39093354|39093380:-@chr17:39092460:39093205:-,17_39093376_C_T,chr17,39093380,39093511,-,39093376,C,T,chr17:39093511:39093354|39093380:-@chr17:39092460:39093205:-_17_39093376_C_T
371,chr8:101963560:101963414|101963463:-@chr8:101960824:101961128:-,8_101963414_C_G,chr8,101963463,101963560,-,101963414,C,G,chr8:101963560:101963414|101963463:-@chr8:101960824:101961128:-_8_101963414_C_G
376,chr17:66508543:66508689|66508720:+@chr17:66511535:66511717:+,17_66508726_C_T,chr17,66508543,66508689,+,66508726,C,T,chr17:66508543:66508689|66508720:+@chr17:66511535:66511717:+_17_66508726_C_T
378,chr12:7310085:7310287|7310342:+@chr12:7310537:7311530:+,12_7310341_C_T,chr12,7310085,7310287,+,7310341,C,T,chr12:7310085:7310287|7310342:+@chr12:7310537:7311530:+_12_7310341_C_T
419,chr17:6661408:6661543|6661582:+@chr17:6662575:6663037:+,17_6661584_T_C,chr17,6661408,6661543,+,6661584,T,C,chr17:6661408:6661543|6661582:+@chr17:6662575:6663037:+_17_6661584_T_C
426,chr19:13260407:13260382|13260383:-@chr19:13256102:13256194:-,19_13260379_G_C,chr19,13260383,13260407,-,13260379,G,C,chr19:13260407:13260382|13260383:-@chr19:13256102:13256194:-_19_13260379_G_C
497,chr16:4521450:4521315|4521358:-@chr16:4519228:4519466:-,16_4521310_T_A,chr16,4521358,4521450,-,4521310,T,A,chr16:4521450:4521315|4521358:-@chr16:4519228:4519466:-_16_4521310_T_A
510,chr15:42840991:42840891|42840898:-@chr15:42840549:42840654:-,15_42840895_C_T,chr15,42840898,42840991,-,42840895,C,T,chr15:42840991:42840891|42840898:-@chr15:42840549:42840654:-_15_42840895_C_T
511,chr15:42840991:42840891|42840898:-@chr15:42840549:42840654:-,15_42840896_A_G,chr15,42840898,42840991,-,42840896,A,G,chr15:42840991:42840891|42840898:-@chr15:42840549:42840654:-_15_42840896_A_G
516,chr17:41001103:41001307|41001388:+@chr17:41001618:41001747:+,17_41001305_C_T,chr17,41001103,41001307,+,41001305,C,T,chr17:41001103:41001307|41001388:+@chr17:41001618:41001747:+_17_41001305_C_T
521,chr5:169015398:169015494|169015579:+@chr5:169018052:169018228:+,5_169015494_A_G,chr5,169015398,169015494,+,169015494,A,G,chr5:169015398:169015494|169015579:+@chr5:169018052:169018228:+_5_169015494_A_G
553,chr1:115323308:115323008|115323058:-@chr1:115322731:115322836:-,1_115323005_T_C,chr1,115323058,115323308,-,115323005,T,C,chr1:115323308:115323008|115323058:-@chr1:115322731:115322836:-_1_115323005_T_C
554,chr1:115323308:115323008|115323070:-@chr1:115322731:115322836:-,1_115323005_T_C,chr1,115323070,115323308,-,115323005,T,C,chr1:115323308:115323008|115323070:-@chr1:115322731:115322836:-_1_115323005_T_C
556,chr17:4854414:4854477|4854509:+@chr17:4855123:4855209:+,17_4854480_C_T,chr17,4854414,4854477,+,4854480,C,T,chr17:4854414:4854477|4854509:+@chr17:4855123:4855209:+_17_4854480_C_T
557,chr17:4854414:4854477|4854519:+@chr17:4855123:4855209:+,17_4854480_C_T,chr17,4854414,4854477,+,4854480,C,T,chr17:4854414:4854477|4854519:+@chr17:4855123:4855209:+_17_4854480_C_T
558,chr17:4854384:4854477|4854519:+@chr17:4855123:4855209:+,17_4854480_C_T,chr17,4854384,4854477,+,4854480,C,T,chr17:4854384:4854477|4854519:+@chr17:4855123:4855209:+_17_4854480_C_T
563,chr5:10683683:10683421|10683641:-@chr5:10679342:10681281:-,5_10683642_C_T,chr5,10683641,10683683,-,10683642,C,T,chr5:10683683:10683421|10683641:-@chr5:10679342:10681281:-_5_10683642_C_T
639,chr1:28907741:28907606|28907623:-@chr1:28907072:28907158:-,1_28907625_G_A,chr1,28907623,28907741,-,28907625,G,A,chr1:28907741:28907606|28907623:-@chr1:28907072:28907158:-_1_28907625_G_A
656,chr6:150211281:150211021|150211127:-@chr6:150210484:150210759:-,6_150211123_A_T,chr6,150211127,150211281,-,150211123,A,T,chr6:150211281:150211021|150211127:-@chr6:150210484:150210759:-_6_150211123_A_T
670,chr1:54656569:54656411|54656421:-@chr1:54653325:54653412:-,1_54656412_T_C,chr1,54656421,54656569,-,54656412,T,C,chr1:54656569:54656411|54656421:-@chr1:54653325:54653412:-_1_54656412_T_C
688,chr14:28125708:28125544|28125649:-@chr14:27791206:27791347:-,14_28125539_C_T,chr14,28125649,28125708,-,28125539,C,T,chr14:28125708:28125544|28125649:-@chr14:27791206:27791347:-_14_28125539_C_T
701,chr11:33891533:33891256|33891371:-@chr11:33890892:33891132:-,11_33891365_T_A,chr11,33891371,33891533,-,33891365,T,A,chr11:33891533:33891256|33891371:-@chr11:33890892:33891132:-_11_33891365_T_A
720,chr9:130660289:130660105|130660235:-@chr9:130658521:130658611:-,9_130660232_T_C,chr9,130660235,130660289,-,130660232,T,C,chr9:130660289:130660105|130660235:-@chr9:130658521:130658611:-_9_130660232_T_C
729,chr11:125452242:125452315|125452319:+@chr11:125453416:125454575:+,11_125452313_A_G,chr11,125452242,125452315,+,125452313,A,G,chr11:125452242:125452315|125452319:+@chr11:125453416:125454575:+_11_125452313_A_G
732,chr5:138779456:138779370|138779374:-@chr5:138777976:138778173:-,5_138779367_T_G,chr5,138779374,138779456,-,138779367,T,G,chr5:138779456:138779370|138779374:-@chr5:138777976:138778173:-_5_138779367_T_G
785,chr12:108988321:108987940|108988113:-@chr12:108983622:108986173:-,12_108988109_T_A,chr12,108988113,108988321,-,108988109,T,A,chr12:108988321:108987940|108988113:-@chr12:108983622:108986173:-_12_108988109_T_A
814,chr12:50222326:50222527|50222531:+@chr12:50222718:50222866:+,12_50222535_C_G,chr12,50222326,50222527,+,50222535,C,G,chr12:50222326:50222527|50222531:+@chr12:50222718:50222866:+_12_50222535_C_G
837,chr6:152676111:152675794|152675860:-@chr6:152674724:152674879:-,6_152675854_A_G,chr6,152675860,152676111,-,152675854,A,G,chr6:152676111:152675794|152675860:-@chr6:152674724:152674879:-_6_152675854_A_G
838,chr3:112997520:112997630|112997719:+@chr3:112998096:112998302:+,3_112997725_T_G,chr3,112997520,112997630,+,112997725,T,G,chr3:112997520:112997630|112997719:+@chr3:112998096:112998302:+_3_112997725_T_G
852,chr1:33487062:33486968|33486992:-@chr1:33480123:33480195:-,1_33486991_CAG_C,chr1,33486992,33487062,-,33486991,CAG,C,chr1:33487062:33486968|33486992:-@chr1:33480123:33480195:-_1_33486991_CAG_C
855,chr17:15902998:15902820|15902833:-@chr17:15897071:15897092:-,17_15902823_G_C,chr17,15902833,15902998,-,15902823,G,C,chr17:15902998:15902820|15902833:-@chr17:15897071:15897092:-_17_15902823_G_C
893,chr11:10471868:10472057|10472062:+@chr11:10483062:10483287:+,11_10472064_C_T,chr11,10471868,10472057,+,10472064,C,T,chr11:10471868:10472057|10472062:+@chr11:10483062:10483287:+_11_10472064_C_T
945,chr14:99947749:99947816|99947951:+@chr14:99958963:99959211:+,14_99947950_C_T,chr14,99947749,99947816,+,99947950,C,T,chr14:99947749:99947816|99947951:+@chr14:99958963:99959211:+_14_99947950_C_T
947,chr3:46305878:46305937|46305946:+@chr3:46306639:46308197:+,3_46305948_T_G,chr3,46305878,46305937,+,46305948,T,G,chr3:46305878:46305937|46305946:+@chr3:46306639:46308197:+_3_46305948_T_G
951,chr11:95598840:95598604|95598765:-@chr11:95595436:95595530:-,11_95598761_G_A,chr11,95598765,95598840,-,95598761,G,A,chr11:95598840:95598604|95598765:-@chr11:95595436:95595530:-_11_95598761_G_A
956,chr8:145577991:145577895|145577897:-@chr8:145577614:145577809:-,8_145577899_C_T,chr8,145577897,145577991,-,145577899,C,T,chr8:145577991:145577895|145577897:-@chr8:145577614:145577809:-_8_145577899_C_T
964,chr20:11899925:11900071|11900258:+@chr20:11900366:11900484:+,20_11900071_G_A,chr20,11899925,11900071,+,11900071,G,A,chr20:11899925:11900071|11900258:+@chr20:11900366:11900484:+_20_11900071_G_A
991,chr5:130501041:130500753|130500788:-@chr5:130498265:130498369:-,5_130500751_A_C,chr5,130500788,130501041,-,130500751,A,C,chr5:130501041:130500753|130500788:-@chr5:130498265:130498369:-_5_130500751_A_C
999,chr17:80186282:80186405|80186421:+@chr17:80193859:80194107:+,17_80186406_G_C,chr17,80186282,80186405,+,80186406,G,C,chr17:80186282:80186405|80186421:+@chr17:80193859:80194107:+_17_80186406_G_C
1068,chr3:193183971:193183814|193183871:-@chr3:193182729:193182917:-,3_193183817_A_G,chr3,193183871,193183971,-,193183817,A,G,chr3:193183971:193183814|193183871:-@chr3:193182729:193182917:-_3_193183817_A_G
1073,chr11:126079617:126079386|126079416:-@chr11:126075583:126075676:-,11_126079385_C_A,chr11,126079416,126079617,-,126079385,C,A,chr11:126079617:126079386|126079416:-@chr11:126075583:126075676:-_11_126079385_C_A
1075,chr11:68668073:68668003|68668016:-@chr11:68665395:68665480:-,11_68667997_A_G,chr11,68668016,68668073,-,68667997,A,G,chr11:68668073:68668003|68668016:-@chr11:68665395:68665480:-_11_68667997_A_G
1097,chr6:31926231:31926085|31926149:-@chr6:31924718:31924787:-,6_31926088_A_G,chr6,31926149,31926231,-,31926088,A,G,chr6:31926231:31926085|31926149:-@chr6:31924718:31924787:-_6_31926088_A_G
1115,chr4:83763634:83763293|83763338:-@chr4:83750153:83750211:-,4_83763292_C_A,chr4,83763338,83763634,-,83763292,C,A,chr4:83763634:83763293|83763338:-@chr4:83750153:83750211:-_4_83763292_C_A
1126,chr1:16084669:16084824|16084850:+@chr1:16090988:16091180:+,1_16084855_G_GT,chr1,16084669,16084824,+,16084855,G,GT,chr1:16084669:16084824|16084850:+@chr1:16090988:16091180:+_1_16084855_G_GT
1131,chr7:131009184:131009011|131009062:-@chr7:131008124:131008627:-,7_131009008_G_C,chr7,131009062,131009184,-,131009008,G,C,chr7:131009184:131009011|131009062:-@chr7:131008124:131008627:-_7_131009008_G_C
1174,chr12:75710214:75710064|75710092:-@chr12:75706628:75706695:-,12_75710089_T_TA,chr12,75710092,75710214,-,75710089,T,TA,chr12:75710214:75710064|75710092:-@chr12:75706628:75706695:-_12_75710089_T_TA
1176,chr19:36283344:36283190|36283290:-@chr19:36281919:36282754:-,19_36283289_C_G,chr19,36283290,36283344,-,36283289,C,G,chr19:36283344:36283190|36283290:-@chr19:36281919:36282754:-_19_36283289_C_G
1199,chr3:197670922:197670628|197670649:-@chr3:197665531:197665646:-,3_197670652_G_A,chr3,197670649,197670922,-,197670652,G,A,chr3:197670922:197670628|197670649:-@chr3:197665531:197665646:-_3_197670652_G_A
1200,chr11:31616317:31616448|31616452:+@chr11:31625315:31625454:+,11_31616446_G_A,chr11,31616317,31616448,+,31616446,G,A,chr11:31616317:31616448|31616452:+@chr11:31625315:31625454:+_11_31616446_G_A
1210,chr2:58273777:58273956|58274003:+@chr2:58275962:58276102:+,2_58274001_C_T,chr2,58273777,58273956,+,58274001,C,T,chr2:58273777:58273956|58274003:+@chr2:58275962:58276102:+_2_58274001_C_T
1211,chr2:58273847:58273868|58273956:+@chr2:58275962:58276102:+,2_58273868_G_A,chr2,58273847,58273868,+,58273868,G,A,chr2:58273847:58273868|58273956:+@chr2:58275962:58276102:+_2_58273868_G_A
1228,chr7:16684437:16684251|16684310:-@chr7:16676016:16676080:-,7_16684247_G_C,chr7,16684310,16684437,-,16684247,G,C,chr7:16684437:16684251|16684310:-@chr7:16676016:16676080:-_7_16684247_G_C
1229,chr6:86256944:86256830|86256834:-@chr6:86253323:86253478:-,6_86256830_C_A,chr6,86256834,86256944,-,86256830,C,A,chr6:86256944:86256830|86256834:-@chr6:86253323:86253478:-_6_86256830_C_A
1240,chr7:92869179:92869247|92869263:+@chr7:92881966:92882088:+,7_92869261_C_T,chr7,92869179,92869247,+,92869261,C,T,chr7:92869179:92869247|92869263:+@chr7:92881966:92882088:+_7_92869261_C_T
1272,chr17:15902998:15902820|15902833:-@chr17:15890580:15890682:-,17_15902823_G_C,chr17,15902833,15902998,-,15902823,G,C,chr17:15902998:15902820|15902833:-@chr17:15890580:15890682:-_17_15902823_G_C
1285,chr10:70893288:70893363|70893393:+@chr10:70915568:70915643:+,10_70893393_G_A,chr10,70893288,70893363,+,70893393,G,A,chr10:70893288:70893363|70893393:+@chr10:70915568:70915643:+_10_70893393_G_A
1294,chr1:54656569:54656411|54656421:-@chr1:54653325:54653555:-,1_54656412_T_C,chr1,54656421,54656569,-,54656412,T,C,chr1:54656569:54656411|54656421:-@chr1:54653325:54653555:-_1_54656412_T_C
1308,chr3:9982534:9982700|9982710:+@chr3:9982795:9982890:+,3_9982708_C_T,chr3,9982534,9982700,+,9982708,C,T,chr3:9982534:9982700|9982710:+@chr3:9982795:9982890:+_3_9982708_C_T
1316,chr20:33589234:33589329|33589395:+@chr20:33589751:33589888:+,20_33589328_C_T,chr20,33589234,33589329,+,33589328,C,T,chr20:33589234:33589329|33589395:+@chr20:33589751:33589888:+_20_33589328_C_T
1317,chr20:33589234:33589329|33589395:+@chr20:33589751:33589888:+,20_33589401_G_T,chr20,33589234,33589329,+,33589401,G,T,chr20:33589234:33589329|33589395:+@chr20:33589751:33589888:+_20_33589401_G_T
1332,chr7:111580297:111580165|111580173:-@chr7:111575595:111575683:-,7_111580166_T_C,chr7,111580173,111580297,-,111580166,T,C,chr7:111580297:111580165|111580173:-@chr7:111575595:111575683:-_7_111580166_T_C
1333,chr1:249150621:249150487|249150572:-@chr1:249149924:249150145:-,1_249150575_C_G,chr1,249150572,249150621,-,249150575,C,G,chr1:249150621:249150487|249150572:-@chr1:249149924:249150145:-_1_249150575_C_G
1338,chr16:4563852:4563697|4563817:-@chr16:4562792:4562948:-,16_4563698_C_T,chr16,4563817,4563852,-,4563698,C,T,chr16:4563852:4563697|4563817:-@chr16:4562792:4562948:-_16_4563698_C_T
1363,chr11:57426927:57427362|57427554:+@chr11:57428237:57429337:+,11_57427360_G_A,chr11,57426927,57427362,+,57427360,G,A,chr11:57426927:57427362|57427554:+@chr11:57428237:57429337:+_11_57427360_G_A
1434,chr10:99025882:99025617|99025836:-@chr10:99024583:99024663:-,10_99025611_T_A,chr10,99025836,99025882,-,99025611,T,A,chr10:99025882:99025617|99025836:-@chr10:99024583:99024663:-_10_99025611_T_A
1440,chr14:89307769:89307858|89307901:+@chr14:89319315:89319400:+,14_89307901_C_T,chr14,89307769,89307858,+,89307901,C,T,chr14:89307769:89307858|89307901:+@chr14:89319315:89319400:+_14_89307901_C_T
1467,chr2:56149882:56149706|56149745:-@chr2:56149495:56149582:-,2_56149709_C_T,chr2,56149745,56149882,-,56149709,C,T,chr2:56149882:56149706|56149745:-@chr2:56149495:56149582:-_2_56149709_C_T
1470,chr16:460243:460367|460404:+@chr16:460691:460784:+,16_460365_C_T,chr16,460243,460367,+,460365,C,T,chr16:460243:460367|460404:+@chr16:460691:460784:+_16_460365_C_T
1481,chr14:35579137:35579025|35579054:-@chr14:35577345:35577442:-,14_35579048_A_G,chr14,35579054,35579137,-,35579048,A,G,chr14:35579137:35579025|35579054:-@chr14:35577345:35577442:-_14_35579048_A_G
1497,chr2:110922307:110922097|110922265:-@chr2:110920625:110920709:-,2_110922263_G_A,chr2,110922265,110922307,-,110922263,G,A,chr2:110922307:110922097|110922265:-@chr2:110920625:110920709:-_2_110922263_G_A
1521,chr7:6456385:6456258|6456299:-@chr7:6452597:6452665:-,7_6456302_C_T,chr7,6456299,6456385,-,6456302,C,T,chr7:6456385:6456258|6456299:-@chr7:6452597:6452665:-_7_6456302_C_T
1549,chr16:89865640:89865359|89865574:-@chr16:89862314:89862426:-,16_89865359_C_G,chr16,89865574,89865640,-,89865359,C,G,chr16:89865640:89865359|89865574:-@chr16:89862314:89862426:-_16_89865359_C_G
1579,chr15:66201473:66201368|66201372:-@chr15:66198963:66199008:-,15_66201362_G_C,chr15,66201372,66201473,-,66201362,G,C,chr15:66201473:66201368|66201372:-@chr15:66198963:66199008:-_15_66201362_G_C
1601,chr19:44771019:44771114|44771297:+@chr19:44777052:44779470:+,19_44771298_G_T,chr19,44771019,44771114,+,44771298,G,T,chr19:44771019:44771114|44771297:+@chr19:44777052:44779470:+_19_44771298_G_T
1603,chr6:43110115:43110236|43110240:+@chr6:43111155:43111358:+,6_43110236_G_C,chr6,43110115,43110236,+,43110236,G,C,chr6:43110115:43110236|43110240:+@chr6:43111155:43111358:+_6_43110236_G_C
1633,chr1:151319082:151318898|151318958:-@chr1:151318681:151318809:-,1_151318895_T_C,chr1,151318958,151319082,-,151318895,T,C,chr1:151319082:151318898|151318958:-@chr1:151318681:151318809:-_1_151318895_T_C
1635,chr1:151319082:151318898|151318961:-@chr1:151318681:151318809:-,1_151318895_T_C,chr1,151318961,151319082,-,151318895,T,C,chr1:151319082:151318898|151318961:-@chr1:151318681:151318809:-_1_151318895_T_C
1637,chr1:151319082:151318898|151318965:-@chr1:151318681:151318809:-,1_151318895_T_C,chr1,151318965,151319082,-,151318895,T,C,chr1:151319082:151318898|151318965:-@chr1:151318681:151318809:-_1_151318895_T_C
1639,chr1:151319082:151318898|151319055:-@chr1:151318681:151318809:-,1_151318895_T_C,chr1,151319055,151319082,-,151318895,T,C,chr1:151319082:151318898|151319055:-@chr1:151318681:151318809:-_1_151318895_T_C
1651,chr14:96846025:96846092|96846125:+@chr14:96848584:96848842:+,14_96846092_G_A,chr14,96846025,96846092,+,96846092,G,A,chr14:96846025:96846092|96846125:+@chr14:96848584:96848842:+_14_96846092_G_A
1656,chr12:53594978:53594856|53594931:-@chr12:53594027:53594230:-,12_53594933_G_T,chr12,53594931,53594978,-,53594933,G,T,chr12:53594978:53594856|53594931:-@chr12:53594027:53594230:-_12_53594933_G_T
1657,chr12:53594978:53594902|53594931:-@chr12:53594027:53594230:-,12_53594933_G_T,chr12,53594931,53594978,-,53594933,G,T,chr12:53594978:53594902|53594931:-@chr12:53594027:53594230:-_12_53594933_G_T
1659,chr3:51705290:51705347|51705563:+@chr3:51708287:51708578:+,3_51705564_G_A,chr3,51705290,51705347,+,51705564,G,A,chr3:51705290:51705347|51705563:+@chr3:51708287:51708578:+_3_51705564_G_A
1693,chr11:86651828:86651955|86652069:+@chr11:86661398:86661541:+,11_86651960_C_G,chr11,86651828,86651955,+,86651960,C,G,chr11:86651828:86651955|86652069:+@chr11:86661398:86661541:+_11_86651960_C_G
1746,chr9:119188367:119188134|119188155:-@chr9:119187504:119187905:-,9_119188128_C_G,chr9,119188155,119188367,-,119188128,C,G,chr9:119188367:119188134|119188155:-@chr9:119187504:119187905:-_9_119188128_C_G
1747,chr9:119188367:119188134|119188189:-@chr9:119187504:119187905:-,9_119188128_C_G,chr9,119188189,119188367,-,119188128,C,G,chr9:119188367:119188134|119188189:-@chr9:119187504:119187905:-_9_119188128_C_G
1751,chr2:242054592:242054437|242054458:-@chr2:242051655:242051854:-,2_242054439_G_A,chr2,242054458,242054592,-,242054439,G,A,chr2:242054592:242054437|242054458:-@chr2:242051655:242051854:-_2_242054439_G_A
1762,chr14:20813091:20813246|20813285:+@chr14:20813553:20813623:+,14_20813289_G_A,chr14,20813091,20813246,+,20813289,G,A,chr14:20813091:20813246|20813285:+@chr14:20813553:20813623:+_14_20813289_G_A
1763,chr2:219247683:219247793|219247825:+@chr2:219248966:219249088:+,2_219247790_C_T,chr2,219247683,219247793,+,219247790,C,T,chr2:219247683:219247793|219247825:+@chr2:219248966:219249088:+_2_219247790_C_T
1772,chr7:148990842:148990933|148991107:+@chr7:148991471:148991503:+,7_148990933_G_A,chr7,148990842,148990933,+,148990933,G,A,chr7:148990842:148990933|148991107:+@chr7:148991471:148991503:+_7_148990933_G_A
1792,chr11:67174098:67174163|67174209:+@chr11:67174298:67174487:+,11_67174208_C_T,chr11,67174098,67174163,+,67174208,C,T,chr11:67174098:67174163|67174209:+@chr11:67174298:67174487:+_11_67174208_C_T
1817,chr11:563189:563317|563478:+@chr11:563558:564025:+,11_563320_C_T,chr11,563189,563317,+,563320,C,T,chr11:563189:563317|563478:+@chr11:563558:564025:+_11_563320_C_T
1856,chr8:48878747:48878835|48878967:+@chr8:48879925:48880045:+,8_48878971_C_T,chr8,48878747,48878835,+,48878971,C,T,chr8:48878747:48878835|48878967:+@chr8:48879925:48880045:+_8_48878971_C_T
1857,chr8:48878747:48878835|48878967:+@chr8:48879925:48880045:+,8_48878972_G_A,chr8,48878747,48878835,+,48878972,G,A,chr8:48878747:48878835|48878967:+@chr8:48879925:48880045:+_8_48878972_G_A
1863,chr18:51810292:51810383|51810435:+@chr18:51813651:51813781:+,18_51810435_G_A,chr18,51810292,51810383,+,51810435,G,A,chr18:51810292:51810383|51810435:+@chr18:51813651:51813781:+_18_51810435_G_A
1865,chr5:65088281:65088428|65088482:+@chr5:65105342:65105528:+,5_65088487_G_GT,chr5,65088281,65088428,+,65088487,G,GT,chr5:65088281:65088428|65088482:+@chr5:65105342:65105528:+_5_65088487_G_GT
1882,chr11:8502161:8502030|8502081:-@chr11:8496228:8496613:-,11_8502081_C_A,chr11,8502081,8502161,-,8502081,C,A,chr11:8502161:8502030|8502081:-@chr11:8496228:8496613:-_11_8502081_C_A
1888,chr3:48720445:48720302|48720336:-@chr3:48719781:48719985:-,3_48720303_G_A,chr3,48720336,48720445,-,48720303,G,A,chr3:48720445:48720302|48720336:-@chr3:48719781:48719985:-_3_48720303_G_A
1889,chr17:79849599:79849709|79849717:+@chr17:79851428:79851490:+,17_79849709_G_A,chr17,79849599,79849709,+,79849709,G,A,chr17:79849599:79849709|79849717:+@chr17:79851428:79851490:+_17_79849709_G_A
1890,chr17:79849599:79849709|79849739:+@chr17:79851428:79851490:+,17_79849709_G_A,chr17,79849599,79849709,+,79849709,G,A,chr17:79849599:79849709|79849739:+@chr17:79851428:79851490:+_17_79849709_G_A
1908,chr7:92926054:92926148|92926271:+@chr7:92926457:92926555:+,7_92926272_G_T,chr7,92926054,92926148,+,92926272,G,T,chr7:92926054:92926148|92926271:+@chr7:92926457:92926555:+_7_92926272_G_T
1909,chr15:74212379:74212179|74212301:-@chr15:74209809:74211724:-,15_74212300_C_T,chr15,74212301,74212379,-,74212300,C,T,chr15:74212379:74212179|74212301:-@chr15:74209809:74211724:-_15_74212300_C_T
1915,chr8:33319243:33318890|33319006:-@chr8:33310734:33311028:-,8_33319005_C_G,chr8,33319006,33319243,-,33319005,C,G,chr8:33319243:33318890|33319006:-@chr8:33310734:33311028:-_8_33319005_C_G
1917,chr8:33319243:33318930|33319006:-@chr8:33310734:33311028:-,8_33319005_C_G,chr8,33319006,33319243,-,33319005,C,G,chr8:33319243:33318930|33319006:-@chr8:33310734:33311028:-_8_33319005_C_G
1937,chr8:145737450:145737285|145737294:-@chr8:145737064:145737172:-,8_145737295_C_T,chr8,145737294,145737450,-,145737295,C,T,chr8:145737450:145737285|145737294:-@chr8:145737064:145737172:-_8_145737295_C_T
1966,chr16:57662419:57662714|57662740:+@chr16:57675503:57675620:+,16_57662743_G_A,chr16,57662419,57662714,+,57662743,G,A,chr16:57662419:57662714|57662740:+@chr16:57675503:57675620:+_16_57662743_G_A
1970,chr2:242208710:242208244|242208369:-@chr2:242207892:242207956:-,2_242208238_C_T,chr2,242208369,242208710,-,242208238,C,T,chr2:242208710:242208244|242208369:-@chr2:242207892:242207956:-_2_242208238_C_T
1972,chr2:242208710:242208244|242208373:-@chr2:242207892:242207956:-,2_242208238_C_T,chr2,242208373,242208710,-,242208238,C,T,chr2:242208710:242208244|242208373:-@chr2:242207892:242207956:-_2_242208238_C_T
1989,chr17:42148098:42148551|42148610:+@chr17:42151528:42151634:+,17_42148607_A_G,chr17,42148098,42148551,+,42148607,A,G,chr17:42148098:42148551|42148610:+@chr17:42151528:42151634:+_17_42148607_A_G
1994,chr17:40726228:40726117|40726214:-@chr17:40725496:40725641:-,17_40726208_A_G,chr17,40726214,40726228,-,40726208,A,G,chr17:40726228:40726117|40726214:-@chr17:40725496:40725641:-_17_40726208_A_G
2028,chr14:34266663:34266778|34266787:+@chr14:34268940:34273382:+,14_34266775_T_C,chr14,34266663,34266778,+,34266775,T,C,chr14:34266663:34266778|34266787:+@chr14:34268940:34273382:+_14_34266775_T_C
2055,chr5:79294155:79294198|79294250:+@chr5:79335900:79336103:+,5_79294198_C_T,chr5,79294155,79294198,+,79294198,C,T,chr5:79294155:79294198|79294250:+@chr5:79335900:79336103:+_5_79294198_C_T
2084,chr16:68033421:68033278|68033299:-@chr16:68026853:68027160:-,16_68033302_G_A,chr16,68033299,68033421,-,68033302,G,A,chr16:68033421:68033278|68033299:-@chr16:68026853:68027160:-_16_68033302_G_A
2098,chr22:30163358:30163537|30163596:+@chr22:30165667:30166402:+,22_30163597_G_A,chr22,30163358,30163537,+,30163597,G,A,chr22:30163358:30163537|30163596:+@chr22:30165667:30166402:+_22_30163597_G_A
2114,chr3:52514895:52515053|52515125:+@chr3:52518529:52518653:+,3_52515129_A_G,chr3,52514895,52515053,+,52515129,A,G,chr3:52514895:52515053|52515125:+@chr3:52518529:52518653:+_3_52515129_A_G
2120,chr7:86595291:86595125|86595130:-@chr7:86594220:86594340:-,7_86595125_C_T,chr7,86595130,86595291,-,86595125,C,T,chr7:86595291:86595125|86595130:-@chr7:86594220:86594340:-_7_86595125_C_T
2152,chr12:123712163:123712010|123712093:-@chr12:123707585:123707674:-,12_123712005_G_A,chr12,123712093,123712163,-,123712005,G,A,chr12:123712163:123712010|123712093:-@chr12:123707585:123707674:-_12_123712005_G_A
2158,chr17:73487384:73487536|73487548:+@chr17:73487772:73487981:+,17_73487533_C_T,chr17,73487384,73487536,+,73487533,C,T,chr17:73487384:73487536|73487548:+@chr17:73487772:73487981:+_17_73487533_C_T
2177,chr6:135516886:135517055|135517140:+@chr6:135517864:135518046:+,6_135517059_C_T,chr6,135516886,135517055,+,135517059,C,T,chr6:135516886:135517055|135517140:+@chr6:135517864:135518046:+_6_135517059_C_T
2181,chr3:20227698:20227440|20227551:-@chr3:20225378:20225526:-,3_20227547_A_G,chr3,20227551,20227698,-,20227547,A,G,chr3:20227698:20227440|20227551:-@chr3:20225378:20225526:-_3_20227547_A_G
2183,chr4:981597:981699|981737:+@chr4:994400:994485:+,4_981743_C_T,chr4,981597,981699,+,981743,C,T,chr4:981597:981699|981737:+@chr4:994400:994485:+_4_981743_C_T
2197,chr6:150291152:150291261|150291283:+@chr6:150292505:150294846:+,6_150291281_C_T,chr6,150291152,150291261,+,150291281,C,T,chr6:150291152:150291261|150291283:+@chr6:150292505:150294846:+_6_150291281_C_T
2198,chr6:150291152:150291261|150291283:+@chr6:150292505:150294846:+,6_150291283_G_A,chr6,150291152,150291261,+,150291283,G,A,chr6:150291152:150291261|150291283:+@chr6:150292505:150294846:+_6_150291283_G_A
2215,chr17:7226442:7226267|7226273:-@chr17:7226054:7226185:-,17_7226276_G_C,chr17,7226273,7226442,-,7226276,G,C,chr17:7226442:7226267|7226273:-@chr17:7226054:7226185:-_17_7226276_G_C
2216,chr12:54118531:54118369|54118429:-@chr12:54117377:54117567:-,12_54118372_C_A,chr12,54118429,54118531,-,54118372,C,A,chr12:54118531:54118369|54118429:-@chr12:54117377:54117567:-_12_54118372_C_A
2225,chr8:38091912:38092028|38092102:+@chr8:38095056:38095145:+,8_38092108_C_T,chr8,38091912,38092028,+,38092108,C,T,chr8:38091912:38092028|38092102:+@chr8:38095056:38095145:+_8_38092108_C_T
2238,chr17:39551320:39551059|39551100:-@chr17:39549977:39550421:-,17_39551099_C_T,chr17,39551100,39551320,-,39551099,C,T,chr17:39551320:39551059|39551100:-@chr17:39549977:39550421:-_17_39551099_C_T
2249,chr1:111682333:111682123|111682210:-@chr1:111680145:111680208:-,1_111682118_C_T,chr1,111682210,111682333,-,111682118,C,T,chr1:111682333:111682123|111682210:-@chr1:111680145:111680208:-_1_111682118_C_T
2250,chr7:135261717:135261847|135261874:+@chr7:135262544:135262772:+,7_135261874_G_C,chr7,135261717,135261847,+,135261874,G,C,chr7:135261717:135261847|135261874:+@chr7:135262544:135262772:+_7_135261874_G_C
2251,chr7:135261717:135261847|135261876:+@chr7:135262544:135262772:+,7_135261874_G_C,chr7,135261717,135261847,+,135261874,G,C,chr7:135261717:135261847|135261876:+@chr7:135262544:135262772:+_7_135261874_G_C
2252,chr7:135261717:135261874|135261876:+@chr7:135262544:135262772:+,7_135261874_G_C,chr7,135261717,135261874,+,135261874,G,C,chr7:135261717:135261874|135261876:+@chr7:135262544:135262772:+_7_135261874_G_C
2257,chr7:139575384:139575436|139575465:+@chr7:139611024:139611120:+,7_139575469_C_T,chr7,139575384,139575436,+,139575469,C,T,chr7:139575384:139575436|139575465:+@chr7:139611024:139611120:+_7_139575469_C_T
2277,chr19:35997567:35997381|35997412:-@chr19:35997028:35997087:-,19_35997381_G_A,chr19,35997412,35997567,-,35997381,G,A,chr19:35997567:35997381|35997412:-@chr19:35997028:35997087:-_19_35997381_G_A
2307,chr1:237001714:237001818|237001899:+@chr1:237013644:237013823:+,1_237001821_C_T,chr1,237001714,237001818,+,237001821,C,T,chr1:237001714:237001818|237001899:+@chr1:237013644:237013823:+_1_237001821_C_T
2314,chr2:219247683:219247793|219247825:+@chr2:219249042:219249088:+,2_219247790_C_T,chr2,219247683,219247793,+,219247790,C,T,chr2:219247683:219247793|219247825:+@chr2:219249042:219249088:+_2_219247790_C_T
2316,chr12:69229609:69229623|69229764:+@chr12:69230452:69230529:+,12_69229770_AT_A,chr12,69229609,69229623,+,69229770,AT,A,chr12:69229609:69229623|69229764:+@chr12:69230452:69230529:+_12_69229770_AT_A
2356,chr15:91427677:91427774|91427869:+@chr15:91428267:91428488:+,15_91427872_G_C,chr15,91427677,91427774,+,91427872,G,C,chr15:91427677:91427774|91427869:+@chr15:91428267:91428488:+_15_91427872_G_C
2371,chr3:10329629:10329786|10329790:+@chr3:10334007:10335133:+,3_10329788_C_G,chr3,10329629,10329786,+,10329788,C,G,chr3:10329629:10329786|10329790:+@chr3:10334007:10335133:+_3_10329788_C_G
2375,chr12:8940870:8941356|8941382:+@chr12:8946901:8948385:+,12_8941358_C_T,chr12,8940870,8941356,+,8941358,C,T,chr12:8940870:8941356|8941382:+@chr12:8946901:8948385:+_12_8941358_C_T
2387,chr1:44685689:44685981|44686115:+@chr1:44686231:44686351:+,1_44685984_A_G,chr1,44685689,44685981,+,44685984,A,G,chr1:44685689:44685981|44686115:+@chr1:44686231:44686351:+_1_44685984_A_G
2391,chr3:48456756:48456585|48456621:-@chr3:48456208:48456450:-,3_48456621_C_T,chr3,48456621,48456756,-,48456621,C,T,chr3:48456756:48456585|48456621:-@chr3:48456208:48456450:-_3_48456621_C_T
2420,chr3:134255997:134256053|134256110:+@chr3:134264428:134264661:+,3_134256110_G_C,chr3,134255997,134256053,+,134256110,G,C,chr3:134255997:134256053|134256110:+@chr3:134264428:134264661:+_3_134256110_G_C
2448,chr14:74947482:74947389|74947405:-@chr14:74946643:74946991:-,14_74947404_C_T,chr14,74947405,74947482,-,74947404,C,T,chr14:74947482:74947389|74947405:-@chr14:74946643:74946991:-_14_74947404_C_T
2450,chr14:74947482:74947405|74947414:-@chr14:74946643:74946991:-,14_74947404_C_T,chr14,74947414,74947482,-,74947404,C,T,chr14:74947482:74947405|74947414:-@chr14:74946643:74946991:-_14_74947404_C_T
2457,chr8:145738864:145738601|145738800:-@chr8:145738230:145738521:-,8_145738604_G_A,chr8,145738800,145738864,-,145738604,G,A,chr8:145738864:145738601|145738800:-@chr8:145738230:145738521:-_8_145738604_G_A
2468,chr6:32166507:32166426|32166435:-@chr6:32166198:32166336:-,6_32166433_ACCT_A,chr6,32166435,32166507,-,32166433,ACCT,A,chr6:32166507:32166426|32166435:-@chr6:32166198:32166336:-_6_32166433_ACCT_A
2476,chr17:16366481:16366561|16366631:+@chr17:16367033:16367300:+,17_16366637_C_T,chr17,16366481,16366561,+,16366637,C,T,chr17:16366481:16366561|16366631:+@chr17:16367033:16367300:+_17_16366637_C_T
2482,chr19:37016275:37016057|37016076:-@chr19:37001589:37006601:-,19_37016071_C_T,chr19,37016076,37016275,-,37016071,C,T,chr19:37016275:37016057|37016076:-@chr19:37001589:37006601:-_19_37016071_C_T
2507,chr2:130792404:130792284|130792285:-@chr2:130791883:130791950:-,2_130792287_T_G,chr2,130792285,130792404,-,130792287,T,G,chr2:130792404:130792284|130792285:-@chr2:130791883:130791950:-_2_130792287_T_G
2563,chr20:57564913:57565043|57565287:+@chr20:57565965:57566130:+,20_57565287_G_A,chr20,57564913,57565043,+,57565287,G,A,chr20:57564913:57565043|57565287:+@chr20:57565965:57566130:+_20_57565287_G_A
2575,chr2:39103132:39103251|39103352:+@chr2:39107320:39107370:+,2_39103248_C_T,chr2,39103132,39103251,+,39103248,C,T,chr2:39103132:39103251|39103352:+@chr2:39107320:39107370:+_2_39103248_C_T
2585,chr12:6859471:6859311|6859343:-@chr12:6859014:6859173:-,12_6859308_T_C,chr12,6859343,6859471,-,6859308,T,C,chr12:6859471:6859311|6859343:-@chr12:6859014:6859173:-_12_6859308_T_C
2592,chr7:1177893:1177825|1177835:-@chr7:1166893:1167022:-,7_1177827_GCGCCCACCTGCGCCCACGT_G,chr7,1177835,1177893,-,1177827,GCGCCCACCTGCGCCCACGT,G,chr7:1177893:1177825|1177835:-@chr7:1166893:1167022:-_7_1177827_GCGCCCACCTGCGCCCACGT_G
2593,chr7:1177893:1177825|1177854:-@chr7:1166893:1167022:-,7_1177827_GCGCCCACCTGCGCCCACGT_G,chr7,1177854,1177893,-,1177827,GCGCCCACCTGCGCCCACGT,G,chr7:1177893:1177825|1177854:-@chr7:1166893:1167022:-_7_1177827_GCGCCCACCTGCGCCCACGT_G
2595,chr20:61557903:61557784|61557791:-@chr20:61545562:61545758:-,20_61557782_ACCGCAGG_A,chr20,61557791,61557903,-,61557782,ACCGCAGG,A,chr20:61557903:61557784|61557791:-@chr20:61545562:61545758:-_20_61557782_ACCGCAGG_A
2637,chr6:117642557:117642380|117642422:-@chr6:117641031:117641193:-,6_117642418_A_C,chr6,117642422,117642557,-,117642418,A,C,chr6:117642557:117642380|117642422:-@chr6:117641031:117641193:-_6_117642418_A_C
2657,chr7:99711392:99711239|99711303:-@chr7:99710972:99711028:-,7_99711234_C_A,chr7,99711303,99711392,-,99711234,C,A,chr7:99711392:99711239|99711303:-@chr7:99710972:99711028:-_7_99711234_C_A
2662,chr3:118959377:118959163|118959208:-@chr3:118955700:118955917:-,3_118959210_C_T,chr3,118959208,118959377,-,118959210,C,T,chr3:118959377:118959163|118959208:-@chr3:118955700:118955917:-_3_118959210_C_T
2668,chr17:38218446:38218704|38218801:+@chr17:38230445:38230794:+,17_38218804_G_A,chr17,38218446,38218704,+,38218804,G,A,chr17:38218446:38218704|38218801:+@chr17:38230445:38230794:+_17_38218804_G_A
2703,chr5:179280437:179280197|179280378:-@chr5:179274978:179275066:-,5_179280379_T_C,chr5,179280378,179280437,-,179280379,T,C,chr5:179280437:179280197|179280378:-@chr5:179274978:179275066:-_5_179280379_T_C
2713,chr6:31895732:31895941|31895969:+@chr6:31896509:31896694:+,6_31895973_C_G,chr6,31895732,31895941,+,31895973,C,G,chr6:31895732:31895941|31895969:+@chr6:31896509:31896694:+_6_31895973_C_G
2738,chr8:101716618:101716508|101716525:-@chr8:101715144:101715587:-,8_101716508_C_T,chr8,101716525,101716618,-,101716508,C,T,chr8:101716618:101716508|101716525:-@chr8:101715144:101715587:-_8_101716508_C_T
2739,chr9:35829222:35829316|35829388:+@chr9:35829874:35829952:+,9_35829390_C_T,chr9,35829222,35829316,+,35829390,C,T,chr9:35829222:35829316|35829388:+@chr9:35829874:35829952:+_9_35829390_C_T
2744,chr14:88862500:88862528|88862547:+@chr14:88883055:88883188:+,14_88862529_G_A,chr14,88862500,88862528,+,88862529,G,A,chr14:88862500:88862528|88862547:+@chr14:88883055:88883188:+_14_88862529_G_A
2759,chr8:67960094:67959920|67960003:-@chr8:67958047:67958195:-,8_67960002_C_T,chr8,67960003,67960094,-,67960002,C,T,chr8:67960094:67959920|67960003:-@chr8:67958047:67958195:-_8_67960002_C_T
2773,chr3:49154791:49154492|49154642:-@chr3:49154160:49154376:-,3_49154636_G_A,chr3,49154642,49154791,-,49154636,G,A,chr3:49154791:49154492|49154642:-@chr3:49154160:49154376:-_3_49154636_G_A
2789,chr17:79849599:79849709|79849717:+@chr17:79852343:79852462:+,17_79849709_G_A,chr17,79849599,79849709,+,79849709,G,A,chr17:79849599:79849709|79849717:+@chr17:79852343:79852462:+_17_79849709_G_A
2790,chr17:79849599:79849709|79849739:+@chr17:79852343:79852462:+,17_79849709_G_A,chr17,79849599,79849709,+,79849709,G,A,chr17:79849599:79849709|79849739:+@chr17:79852343:79852462:+_17_79849709_G_A
2796,chr5:135398352:135398362|135398376:+@chr5:135398875:135399507:+,5_135398363_G_C,chr5,135398352,135398362,+,135398363,G,C,chr5:135398352:135398362|135398376:+@chr5:135398875:135399507:+_5_135398363_G_C
2803,chr3:9703951:9703969|9704059:+@chr3:9711116:9711176:+,3_9704058_AG_A,chr3,9703951,9703969,+,9704058,AG,A,chr3:9703951:9703969|9704059:+@chr3:9711116:9711176:+_3_9704058_AG_A
2817,chr3:39159560:39159644|39159668:+@chr3:39161413:39161511:+,3_39159668_G_T,chr3,39159560,39159644,+,39159668,G,T,chr3:39159560:39159644|39159668:+@chr3:39161413:39161511:+_3_39159668_G_T
2855,chr6:26368218:26368278|26368495:+@chr6:26368793:26369140:+,6_26368279_G_A,chr6,26368218,26368278,+,26368279,G,A,chr6:26368218:26368278|26368495:+@chr6:26368793:26369140:+_6_26368279_G_A
2857,chr22:20049053:20049204|20049206:+@chr22:20050861:20050965:+,22_20049202_G_A,chr22,20049053,20049204,+,20049202,G,A,chr22:20049053:20049204|20049206:+@chr22:20050861:20050965:+_22_20049202_G_A
2858,chr22:20049053:20049204|20049229:+@chr22:20050861:20050965:+,22_20049202_G_A,chr22,20049053,20049204,+,20049202,G,A,chr22:20049053:20049204|20049229:+@chr22:20050861:20050965:+_22_20049202_G_A
2881,chr15:32921796:32921876|32921963:+@chr15:32925180:32925309:+,15_32921881_G_A,chr15,32921796,32921876,+,32921881,G,A,chr15:32921796:32921876|32921963:+@chr15:32925180:32925309:+_15_32921881_G_A
2910,chr5:122337635:122337699|122337775:+@chr5:122343377:122344902:+,5_122337772_A_G,chr5,122337635,122337699,+,122337772,A,G,chr5:122337635:122337699|122337775:+@chr5:122343377:122344902:+_5_122337772_A_G
2953,chr12:7053639:7053728|7053815:+@chr12:7054934:7055165:+,12_7053817_TGGGTCAGACGCGGGAAGGC_T,chr12,7053639,7053728,+,7053817,TGGGTCAGACGCGGGAAGGC,T,chr12:7053639:7053728|7053815:+@chr12:7054934:7055165:+_12_7053817_TGGGTCAGACGCGGGAAGGC_T
2964,chr5:1633021:1632759|1632960:-@chr5:1602806:1602850:-,5_1632758_C_G,chr5,1632960,1633021,-,1632758,C,G,chr5:1633021:1632759|1632960:-@chr5:1602806:1602850:-_5_1632758_C_G
2994,chr11:64889585:64889413|64889508:-@chr11:64889211:64889293:-,11_64889416_G_C,chr11,64889508,64889585,-,64889416,G,C,chr11:64889585:64889413|64889508:-@chr11:64889211:64889293:-_11_64889416_G_C
3061,chr10:81111243:81111339|81111470:+@chr10:81112073:81112148:+,10_81111337_C_T,chr10,81111243,81111339,+,81111337,C,T,chr10:81111243:81111339|81111470:+@chr10:81112073:81112148:+_10_81111337_C_T
3064,chr5:180670405:180670254|180670286:-@chr5:180669174:180669345:-,5_180670251_C_G,chr5,180670286,180670405,-,180670251,C,G,chr5:180670405:180670254|180670286:-@chr5:180669174:180669345:-_5_180670251_C_G
3065,chr1:206781679:206781589|206781633:-@chr1:206778753:206778860:-,1_206781584_A_T,chr1,206781633,206781679,-,206781584,A,T,chr1:206781679:206781589|206781633:-@chr1:206778753:206778860:-_1_206781584_A_T
3087,chr12:70087687:70087454|70087509:-@chr12:70072519:70072673:-,12_70087449_A_G,chr12,70087509,70087687,-,70087449,A,G,chr12:70087687:70087454|70087509:-@chr12:70072519:70072673:-_12_70087449_A_G
3088,chr12:70087687:70087454|70087509:-@chr12:70072519:70072673:-,12_70087510_G_A,chr12,70087509,70087687,-,70087510,G,A,chr12:70087687:70087454|70087509:-@chr12:70072519:70072673:-_12_70087510_G_A
3131,chr21:27107965:27107164|27107250:-@chr21:27101942:27102112:-,21_27107251_C_G,chr21,27107250,27107965,-,27107251,C,G,chr21:27107965:27107164|27107250:-@chr21:27101942:27102112:-_21_27107251_C_G
3148,chr21:27107965:27107250|27107300:-@chr21:27101942:27102112:-,21_27107251_C_G,chr21,27107300,27107965,-,27107251,C,G,chr21:27107965:27107250|27107300:-@chr21:27101942:27102112:-_21_27107251_C_G
3171,chr21:27107965:27107626|27107798:-@chr21:27101942:27102112:-,21_27107623_T_C,chr21,27107798,27107965,-,27107623,T,C,chr21:27107965:27107626|27107798:-@chr21:27101942:27102112:-_21_27107623_T_C
3201,chr4:84376976:84376422|84376550:-@chr4:84374384:84375098:-,4_84376422_C_T,chr4,84376550,84376976,-,84376422,C,T,chr4:84376976:84376422|84376550:-@chr4:84374384:84375098:-_4_84376422_C_T
3203,chr4:84376976:84376422|84376550:-@chr4:84374384:84375098:-,4_84376552_G_C,chr4,84376550,84376976,-,84376552,G,C,chr4:84376976:84376422|84376550:-@chr4:84374384:84375098:-_4_84376552_G_C
3224,chr1:161476127:161476381|161476497:+@chr1:161479610:161479864:+,1_161476380_C_T,chr1,161476127,161476381,+,161476380,C,T,chr1:161476127:161476381|161476497:+@chr1:161479610:161479864:+_1_161476380_C_T
3239,chr7:99688861:99688930|99688953:+@chr7:99689043:99689143:+,7_99688952_G_A,chr7,99688861,99688930,+,99688952,G,A,chr7:99688861:99688930|99688953:+@chr7:99689043:99689143:+_7_99688952_G_A
3243,chr9:131456175:131456321|131456336:+@chr9:131456920:131458675:+,9_131456334_T_C,chr9,131456175,131456321,+,131456334,T,C,chr9:131456175:131456321|131456336:+@chr9:131456920:131458675:+_9_131456334_T_C
3245,chr17:62820990:62820743|62820944:-@chr17:62818372:62818511:-,17_62820746_G_T,chr17,62820944,62820990,-,62820746,G,T,chr17:62820990:62820743|62820944:-@chr17:62818372:62818511:-_17_62820746_G_T
3258,chr12:50135740:50135898|50136063:+@chr12:50146247:50146332:+,12_50136064_G_GT,chr12,50135740,50135898,+,50136064,G,GT,chr12:50135740:50135898|50136063:+@chr12:50146247:50146332:+_12_50136064_G_GT
3268,chr6:133073888:133073600|133073812:-@chr6:133072284:133072657:-,6_133073811_C_A,chr6,133073812,133073888,-,133073811,C,A,chr6:133073888:133073600|133073812:-@chr6:133072284:133072657:-_6_133073811_C_A
3300,chr22:41928749:41928608|41928663:-@chr22:41928098:41928161:-,22_41928663_C_T,chr22,41928663,41928749,-,41928663,C,T,chr22:41928749:41928608|41928663:-@chr22:41928098:41928161:-_22_41928663_C_T
3318,chr12:53937232:53936871|53937081:-@chr12:53931199:53931336:-,12_53936868_T_C,chr12,53937081,53937232,-,53936868,T,C,chr12:53937232:53936871|53937081:-@chr12:53931199:53931336:-_12_53936868_T_C
3320,chr12:53937232:53936871|53937114:-@chr12:53931199:53931336:-,12_53936868_T_C,chr12,53937114,53937232,-,53936868,T,C,chr12:53937232:53936871|53937114:-@chr12:53931199:53931336:-_12_53936868_T_C
3325,chr3:45000952:45000619|45000623:-@chr3:44986660:44986784:-,3_45000626_G_A,chr3,45000623,45000952,-,45000626,G,A,chr3:45000952:45000619|45000623:-@chr3:44986660:44986784:-_3_45000626_G_A
3330,chr21:37747441:37747516|37747606:+@chr21:37749708:37749805:+,21_37747612_A_G,chr21,37747441,37747516,+,37747612,A,G,chr21:37747441:37747516|37747606:+@chr21:37749708:37749805:+_21_37747612_A_G
3334,chr12:1039052:1038930|1038985:-@chr12:1036311:1036429:-,12_1038925_C_T,chr12,1038985,1039052,-,1038925,C,T,chr12:1039052:1038930|1038985:-@chr12:1036311:1036429:-_12_1038925_C_T
3340,chr10:102740579:102740739|102740754:+@chr10:102740925:102740986:+,10_102740743_C_T,chr10,102740579,102740739,+,102740743,C,T,chr10:102740579:102740739|102740754:+@chr10:102740925:102740986:+_10_102740743_C_T
3369,chr7:138819401:138819467|138819538:+@chr7:138822593:138822685:+,7_138819468_G_A,chr7,138819401,138819467,+,138819468,G,A,chr7:138819401:138819467|138819538:+@chr7:138822593:138822685:+_7_138819468_G_A
3403,chr17:2238688:2238554|2238602:-@chr17:2237766:2238190:-,17_2238602_C_T,chr17,2238602,2238688,-,2238602,C,T,chr17:2238688:2238554|2238602:-@chr17:2237766:2238190:-_17_2238602_C_T
3416,chr13:114285938:114286059|114286220:+@chr13:114287435:114287600:+,13_114286057_C_T,chr13,114285938,114286059,+,114286057,C,T,chr13:114285938:114286059|114286220:+@chr13:114287435:114287600:+_13_114286057_C_T
3420,chr22:30775769:30775471|30775700:-@chr22:30773809:30774131:-,22_30775694_G_A,chr22,30775700,30775769,-,30775694,G,A,chr22:30775769:30775471|30775700:-@chr22:30773809:30774131:-_22_30775694_G_A
3422,chr11:75273298:75273364|75273423:+@chr11:75274772:75274815:+,11_75273427_C_T,chr11,75273298,75273364,+,75273427,C,T,chr11:75273298:75273364|75273423:+@chr11:75274772:75274815:+_11_75273427_C_T
3427,chr11:62038353:62038531|62038540:+@chr11:62040429:62040628:+,11_62038537_T_C,chr11,62038353,62038531,+,62038537,T,C,chr11:62038353:62038531|62038540:+@chr11:62040429:62040628:+_11_62038537_T_C
3430,chr11:75273298:75273364|75273423:+@chr11:75277361:75278016:+,11_75273427_C_T,chr11,75273298,75273364,+,75273427,C,T,chr11:75273298:75273364|75273423:+@chr11:75277361:75278016:+_11_75273427_C_T
3438,chr14:31091525:31091605|31091668:+@chr14:31097415:31097485:+,14_31091602_A_G,chr14,31091525,31091605,+,31091602,A,G,chr14:31091525:31091605|31091668:+@chr14:31097415:31097485:+_14_31091602_A_G
3458,chr1:215256560:215256650|215256774:+@chr1:215259711:215260021:+,1_215256780_A_AC,chr1,215256560,215256650,+,215256780,A,AC,chr1:215256560:215256650|215256774:+@chr1:215259711:215260021:+_1_215256780_A_AC
3460,chr16:20817772:20817332|20817369:-@chr16:20814925:20814992:-,16_20817333_G_T,chr16,20817369,20817772,-,20817333,G,T,chr16:20817772:20817332|20817369:-@chr16:20814925:20814992:-_16_20817333_G_T
3501,chr2:10098915:10098985|10099093:+@chr2:10101175:10101565:+,2_10099092_A_G,chr2,10098915,10098985,+,10099092,A,G,chr2:10098915:10098985|10099093:+@chr2:10101175:10101565:+_2_10099092_A_G
3505,chr7:5024541:5024706|5024761:+@chr7:5026198:5026262:+,7_5024761_G_A,chr7,5024541,5024706,+,5024761,G,A,chr7:5024541:5024706|5024761:+@chr7:5026198:5026262:+_7_5024761_G_A
3534,chr1:43919168:43919057|43919084:-@chr1:43917876:43917990:-,1_43919081_T_C,chr1,43919084,43919168,-,43919081,T,C,chr1:43919168:43919057|43919084:-@chr1:43917876:43917990:-_1_43919081_T_C
3536,chr7:99954373:99954455|99954506:+@chr7:99955843:99955989:+,7_99954457_G_T,chr7,99954373,99954455,+,99954457,G,T,chr7:99954373:99954455|99954506:+@chr7:99955843:99955989:+_7_99954457_G_T
3537,chr7:99954373:99954455|99954561:+@chr7:99955843:99955989:+,7_99954457_G_T,chr7,99954373,99954455,+,99954457,G,T,chr7:99954373:99954455|99954561:+@chr7:99955843:99955989:+_7_99954457_G_T
3539,chr10:73975867:73975540|73975594:-@chr10:73972945:73973089:-,10_73975593_T_C,chr10,73975594,73975867,-,73975593,T,C,chr10:73975867:73975540|73975594:-@chr10:73972945:73973089:-_10_73975593_T_C
3544,chr1:156214702:156214481|156214552:-@chr1:156213207:156214194:-,1_156214553_G_A,chr1,156214552,156214702,-,156214553,G,A,chr1:156214702:156214481|156214552:-@chr1:156213207:156214194:-_1_156214553_G_A
3552,chr17:73487772:73487933|73487981:+@chr17:73488555:73488870:+,17_73487934_G_A,chr17,73487772,73487933,+,73487934,G,A,chr17:73487772:73487933|73487981:+@chr17:73488555:73488870:+_17_73487934_G_A
3554,chr2:110922307:110922097|110922265:-@chr2:110920625:110920712:-,2_110922263_G_A,chr2,110922265,110922307,-,110922263,G,A,chr2:110922307:110922097|110922265:-@chr2:110920625:110920712:-_2_110922263_G_A
3559,chr2:27593363:27593508|27593673:+@chr2:27594136:27594210:+,2_27593507_T_G,chr2,27593363,27593508,+,27593507,T,G,chr2:27593363:27593508|27593673:+@chr2:27594136:27594210:+_2_27593507_T_G
3560,chr2:27593363:27593508|27593673:+@chr2:27594136:27594210:+,2_27593511_G_A,chr2,27593363,27593508,+,27593511,G,A,chr2:27593363:27593508|27593673:+@chr2:27594136:27594210:+_2_27593511_G_A
3636,chr16:66861980:66861838|66861883:-@chr16:66860580:66860683:-,16_66861836_G_A,chr16,66861883,66861980,-,66861836,G,A,chr16:66861980:66861838|66861883:-@chr16:66860580:66860683:-_16_66861836_G_A
3646,chr14:24899141:24899197|24899325:+@chr14:24899920:24900137:+,14_24899194_C_T,chr14,24899141,24899197,+,24899194,C,T,chr14:24899141:24899197|24899325:+@chr14:24899920:24900137:+_14_24899194_C_T
3728,chr1:16809981:16809781|16809782:-@chr1:16804750:16804932:-,1_16809784_T_G,chr1,16809782,16809981,-,16809784,T,G,chr1:16809981:16809781|16809782:-@chr1:16804750:16804932:-_1_16809784_T_G
3734,chr15:101390416:101390537|101390673:+@chr15:101395436:101395553:+,15_101390539_T_C,chr15,101390416,101390537,+,101390539,T,C,chr15:101390416:101390537|101390673:+@chr15:101395436:101395553:+_15_101390539_T_C
3762,chr5:96235825:96235893|96235949:+@chr5:96237210:96237385:+,5_96235896_A_G,chr5,96235825,96235893,+,96235896,A,G,chr5:96235825:96235893|96235949:+@chr5:96237210:96237385:+_5_96235896_A_G
3787,chr9:139918688:139918591|139918595:-@chr9:139917393:139917504:-,9_139918586_C_G,chr9,139918595,139918688,-,139918586,C,G,chr9:139918688:139918591|139918595:-@chr9:139917393:139917504:-_9_139918586_C_G
3791,chr15:75130139:75130092|75130098:-@chr15:75129710:75129776:-,15_75130093_T_C,chr15,75130098,75130139,-,75130093,T,C,chr15:75130139:75130092|75130098:-@chr15:75129710:75129776:-_15_75130093_T_C
3800,chr2:219249870:219249989|219250208:+@chr2:219251358:219251464:+,2_219250212_C_T,chr2,219249870,219249989,+,219250212,C,T,chr2:219249870:219249989|219250208:+@chr2:219251358:219251464:+_2_219250212_C_T
3809,chr3:38181879:38182059|38182083:+@chr3:38182248:38182339:+,3_38182062_T_C,chr3,38181879,38182059,+,38182062,T,C,chr3:38181879:38182059|38182083:+@chr3:38182248:38182339:+_3_38182062_T_C
3826,chr1:160181333:160181440|160181506:+@chr1:160182900:160183055:+,1_160181509_G_A,chr1,160181333,160181440,+,160181509,G,A,chr1:160181333:160181440|160181506:+@chr1:160182900:160183055:+_1_160181509_G_A
3832,chr12:122710520:122710334|122710373:-@chr12:122709059:122709191:-,12_122710334_CCA_C,chr12,122710373,122710520,-,122710334,CCA,C,chr12:122710520:122710334|122710373:-@chr12:122709059:122709191:-_12_122710334_CCA_C
3849,chr1:190424070:190423785|190423800:-@chr1:190250690:190250729:-,1_190423788_T_C,chr1,190423800,190424070,-,190423788,T,C,chr1:190424070:190423785|190423800:-@chr1:190250690:190250729:-_1_190423788_T_C
3850,chr9:19121163:19120878|19121008:-@chr9:19119648:19119829:-,9_19120876_A_C,chr9,19121008,19121163,-,19120876,A,C,chr9:19121163:19120878|19121008:-@chr9:19119648:19119829:-_9_19120876_A_C
3852,chr9:6015640:6015413|6015472:-@chr9:6011019:6014356:-,9_6015473_T_G,chr9,6015472,6015640,-,6015473,T,G,chr9:6015640:6015413|6015472:-@chr9:6011019:6014356:-_9_6015473_T_G
3859,chr16:50746105:50746312|50746548:+@chr16:50756533:50756616:+,16_50746546_C_G,chr16,50746105,50746312,+,50746546,C,G,chr16:50746105:50746312|50746548:+@chr16:50756533:50756616:+_16_50746546_C_G
3876,chr7:89897600:89897644|89897698:+@chr7:89900840:89900989:+,7_89897703_A_C,chr7,89897600,89897644,+,89897703,A,C,chr7:89897600:89897644|89897698:+@chr7:89900840:89900989:+_7_89897703_A_C
3882,chr5:179280437:179280197|179280378:-@chr5:179278243:179278424:-,5_179280379_T_C,chr5,179280378,179280437,-,179280379,T,C,chr5:179280437:179280197|179280378:-@chr5:179278243:179278424:-_5_179280379_T_C
3886,chr17:4722724:4722844|4722877:+@chr17:4725088:4725202:+,17_4722876_G_A,chr17,4722724,4722844,+,4722876,G,A,chr17:4722724:4722844|4722877:+@chr17:4725088:4725202:+_17_4722876_G_A
3892,chr19:36605153:36605053|36605079:-@chr19:36604917:36604968:-,19_36605053_C_T,chr19,36605079,36605153,-,36605053,C,T,chr19:36605153:36605053|36605079:-@chr19:36604917:36604968:-_19_36605053_C_T
3893,chr13:101322823:101322537|101322614:-@chr13:101320833:101321048:-,13_101322536_C_A,chr13,101322614,101322823,-,101322536,C,A,chr13:101322823:101322537|101322614:-@chr13:101320833:101321048:-_13_101322536_C_A
3934,chr20:62339380:62339470|62339521:+@chr20:62339905:62340516:+,20_62339521_G_A,chr20,62339380,62339470,+,62339521,G,A,chr20:62339380:62339470|62339521:+@chr20:62339905:62340516:+_20_62339521_G_A
3936,chr20:62339380:62339521|62339540:+@chr20:62339905:62340516:+,20_62339521_G_A,chr20,62339380,62339521,+,62339521,G,A,chr20:62339380:62339521|62339540:+@chr20:62339905:62340516:+_20_62339521_G_A
3951,chr8:54745646:54745544|54745621:-@chr8:54742004:54742093:-,8_54745538_C_G,chr8,54745621,54745646,-,54745538,C,G,chr8:54745646:54745544|54745621:-@chr8:54742004:54742093:-_8_54745538_C_G
3992,chr20:43739181:43739015|43739041:-@chr20:43738093:43738654:-,20_43739016_T_A,chr20,43739041,43739181,-,43739016,T,A,chr20:43739181:43739015|43739041:-@chr20:43738093:43738654:-_20_43739016_T_A
3996,chr16:2578453:2578560|2578719:+@chr16:2578995:2579096:+,16_2578722_C_A,chr16,2578453,2578560,+,2578722,C,A,chr16:2578453:2578560|2578719:+@chr16:2578995:2579096:+_16_2578722_C_A
4013,chr11:104762131:104761897|104761925:-@chr11:104761097:104761250:-,11_104761921_T_C,chr11,104761925,104762131,-,104761921,T,C,chr11:104762131:104761897|104761925:-@chr11:104761097:104761250:-_11_104761921_T_C
4050,chr19:7853682:7853777|7853786:+@chr19:7854095:7854190:+,19_7853783_C_T,chr19,7853682,7853777,+,7853783,C,T,chr19:7853682:7853777|7853786:+@chr19:7854095:7854190:+_19_7853783_C_T
4051,chr12:132625965:132625648|132625820:-@chr12:132625376:132625565:-,12_132625643_C_T,chr12,132625820,132625965,-,132625643,C,T,chr12:132625965:132625648|132625820:-@chr12:132625376:132625565:-_12_132625643_C_T
4059,chr5:1633021:1632759|1632960:-@chr5:1628870:1629745:-,5_1632758_C_G,chr5,1632960,1633021,-,1632758,C,G,chr5:1633021:1632759|1632960:-@chr5:1628870:1629745:-_5_1632758_C_G
4077,chr1:156348043:156348190|156348204:+@chr1:156351138:156351304:+,1_156348204_G_A,chr1,156348043,156348190,+,156348204,G,A,chr1:156348043:156348190|156348204:+@chr1:156351138:156351304:+_1_156348204_G_A
4078,chr12:6833472:6833534|6833544:+@chr12:6833780:6833984:+,12_6833550_A_G,chr12,6833472,6833534,+,6833550,A,G,chr12:6833472:6833534|6833544:+@chr12:6833780:6833984:+_12_6833550_A_G
4080,chr2:207630112:207630378|207630471:+@chr2:207631368:207632194:+,2_207630471_A_G,chr2,207630112,207630378,+,207630471,A,G,chr2:207630112:207630378|207630471:+@chr2:207631368:207632194:+_2_207630471_A_G
4082,chr2:207630112:207630471|207630486:+@chr2:207631368:207632194:+,2_207630471_A_G,chr2,207630112,207630471,+,207630471,A,G,chr2:207630112:207630471|207630486:+@chr2:207631368:207632194:+_2_207630471_A_G
4090,chr22:20103461:20103918|20103953:+@chr22:20106536:20106672:+,22_20103953_G_A,chr22,20103461,20103918,+,20103953,G,A,chr22:20103461:20103918|20103953:+@chr22:20106536:20106672:+_22_20103953_G_A
4091,chr19:50315993:50315704|50315872:-@chr19:50315508:50315592:-,19_50315698_A_C,chr19,50315872,50315993,-,50315698,A,C,chr19:50315993:50315704|50315872:-@chr19:50315508:50315592:-_19_50315698_A_C
4093,chr19:50315993:50315704|50315895:-@chr19:50315508:50315592:-,19_50315698_A_C,chr19,50315895,50315993,-,50315698,A,C,chr19:50315993:50315704|50315895:-@chr19:50315508:50315592:-_19_50315698_A_C
4105,chr6:71136273:71136412|71136467:+@chr6:71138007:71138122:+,6_71136416_G_A,chr6,71136273,71136412,+,71136416,G,A,chr6:71136273:71136412|71136467:+@chr6:71138007:71138122:+_6_71136416_G_A
4107,chr12:12966280:12966388|12966450:+@chr12:12967065:12967158:+,12_12966386_C_T,chr12,12966280,12966388,+,12966386,C,T,chr12:12966280:12966388|12966450:+@chr12:12967065:12967158:+_12_12966386_C_T
4113,chr17:79649705:79649473|79649521:-@chr17:79649064:79649179:-,17_79649515_G_A,chr17,79649521,79649705,-,79649515,G,A,chr17:79649705:79649473|79649521:-@chr17:79649064:79649179:-_17_79649515_G_A
4127,chr17:16342301:16342343|16342374:+@chr17:16342641:16342728:+,17_16342343_G_T,chr17,16342301,16342343,+,16342343,G,T,chr17:16342301:16342343|16342374:+@chr17:16342641:16342728:+_17_16342343_G_T
4128,chr17:16342301:16342343|16342374:+@chr17:16342641:16342728:+,17_16342344_G_A,chr17,16342301,16342343,+,16342344,G,A,chr17:16342301:16342343|16342374:+@chr17:16342641:16342728:+_17_16342344_G_A
4139,chr15:79298776:79298519|79298528:-@chr15:79296144:79296517:-,15_79298523_G_A,chr15,79298528,79298776,-,79298523,G,A,chr15:79298776:79298519|79298528:-@chr15:79296144:79296517:-_15_79298523_G_A
4146,chr17:67192624:67192387|67192427:-@chr17:67190526:67190636:-,17_67192424_CACTTCTCAG_C,chr17,67192427,67192624,-,67192424,CACTTCTCAG,C,chr17:67192624:67192387|67192427:-@chr17:67190526:67190636:-_17_67192424_CACTTCTCAG_C
4147,chr14:24702685:24702792|24702799:+@chr14:24704943:24705026:+,14_24702789_C_T,chr14,24702685,24702792,+,24702789,C,T,chr14:24702685:24702792|24702799:+@chr14:24704943:24705026:+_14_24702789_C_T
4148,chr14:24702685:24702792|24702804:+@chr14:24704943:24705026:+,14_24702789_C_T,chr14,24702685,24702792,+,24702789,C,T,chr14:24702685:24702792|24702804:+@chr14:24704943:24705026:+_14_24702789_C_T
4154,chr17:73584139:73586324|73586466:+@chr17:73586707:73586770:+,17_73586325_G_A,chr17,73584139,73586324,+,73586325,G,A,chr17:73584139:73586324|73586466:+@chr17:73586707:73586770:+_17_73586325_G_A
4158,chr20:44463598:44463748|44463755:+@chr20:44469278:44471914:+,20_44463752_C_T,chr20,44463598,44463748,+,44463752,C,T,chr20:44463598:44463748|44463755:+@chr20:44469278:44471914:+_20_44463752_C_T
4163,chr4:672747:672822|672962:+@chr4:673703:673807:+,4_672960_A_AAGGTGATGGCCCTGGCCGCCCTTGGTTCCATCAGAGCTGGCAGAGAGCATCCCAGGGTGAGACAGGGCGGGTGGGACAGCCCAAGCCTGGAAACTCAGAGCCCTGAAGCTGCG,chr4,672747,672822,+,672960,A,AAGGTGATGGCCCTGGCCGCCCTTGGTTCCATCAGAGCTGGCAGAGAGCATCCCAGGGTGAGACAGGGCGGGTGGGACAGCCCAAGCCTGGAAACTCAGAGCCCTGAAGCTGCG,chr4:672747:672822|672962:+@chr4:673703:673807:+_4_672960_A_AAGGTGATGGCCCTGGCCGCCCTTGGTTCCATCAGAGCTGGCAGAGAGCATCCCAGGGTGAGACAGGGCGGGTGGGACAGCCCAAGCCTGGAAACTCAGAGCCCTGAAGCTGCG
4183,chr10:133754086:133754198|133754345:+@chr10:133757472:133757649:+,10_133754343_CAT_C,chr10,133754086,133754198,+,133754343,CAT,C,chr10:133754086:133754198|133754345:+@chr10:133757472:133757649:+_10_133754343_CAT_C
4206,chr16:75270896:75270726|75270780:-@chr16:75268787:75269884:-,16_75270721_C_A,chr16,75270780,75270896,-,75270721,C,A,chr16:75270896:75270726|75270780:-@chr16:75268787:75269884:-_16_75270721_C_A
4245,chr4:106377902:106377838|106377853:-@chr4:106374755:106374799:-,4_106377834_A_T,chr4,106377853,106377902,-,106377834,A,T,chr4:106377902:106377838|106377853:-@chr4:106374755:106374799:-_4_106377834_A_T
4277,chr2:172928439:172928588|172928674:+@chr2:172930332:172930480:+,2_172928593_C_T,chr2,172928439,172928588,+,172928593,C,T,chr2:172928439:172928588|172928674:+@chr2:172930332:172930480:+_2_172928593_C_T
4292,chr11:74563127:74563034|74563079:-@chr11:74562133:74562248:-,11_74563037_G_A,chr11,74563079,74563127,-,74563037,G,A,chr11:74563127:74563034|74563079:-@chr11:74562133:74562248:-_11_74563037_G_A
4294,chr11:74563127:74563034|74563079:-@chr11:74562133:74562248:-,11_74563077_G_A,chr11,74563079,74563127,-,74563077,G,A,chr11:74563127:74563034|74563079:-@chr11:74562133:74562248:-_11_74563077_G_A
4313,chr12:111099253:111098969|111099085:-@chr12:111093039:111093143:-,12_111099083_G_A,chr12,111099085,111099253,-,111099083,G,A,chr12:111099253:111098969|111099085:-@chr12:111093039:111093143:-_12_111099083_G_A
4328,chr21:27074482:27074577|27074581:+@chr21:27078291:27078398:+,21_27074574_G_C,chr21,27074482,27074577,+,27074574,G,C,chr21:27074482:27074577|27074581:+@chr21:27078291:27078398:+_21_27074574_G_C
4343,chr6:150123336:150123505|150123552:+@chr6:150131752:150132557:+,6_150123550_A_T,chr6,150123336,150123505,+,150123550,A,T,chr6:150123336:150123505|150123552:+@chr6:150131752:150132557:+_6_150123550_A_T
4358,chr12:24048958:24048727|24048832:-@chr12:23998917:23999127:-,12_24048832_A_G,chr12,24048832,24048958,-,24048832,A,G,chr12:24048958:24048727|24048832:-@chr12:23998917:23999127:-_12_24048832_A_G
4389,chr1:62979277:62979115|62979142:-@chr1:62976248:62976344:-,1_62979143_G_A,chr1,62979142,62979277,-,62979143,G,A,chr1:62979277:62979115|62979142:-@chr1:62976248:62976344:-_1_62979143_G_A
4396,chr12:54582741:54582299|54582505:-@chr12:54581603:54581689:-,12_54582499_C_T,chr12,54582505,54582741,-,54582499,C,T,chr12:54582741:54582299|54582505:-@chr12:54581603:54581689:-_12_54582499_C_T
4397,chr12:54582741:54582461|54582505:-@chr12:54581603:54581689:-,12_54582499_C_T,chr12,54582505,54582741,-,54582499,C,T,chr12:54582741:54582461|54582505:-@chr12:54581603:54581689:-_12_54582499_C_T
4401,chr9:95640320:95640102|95640172:-@chr9:95618474:95618600:-,9_95640171_C_T,chr9,95640172,95640320,-,95640171,C,T,chr9:95640320:95640102|95640172:-@chr9:95618474:95618600:-_9_95640171_C_T
4402,chr20:17950444:17950773|17951013:+@chr20:17956327:17956546:+,20_17950772_A_G,chr20,17950444,17950773,+,17950772,A,G,chr20:17950444:17950773|17951013:+@chr20:17956327:17956546:+_20_17950772_A_G
4406,chr9:95640320:95640102|95640172:-@chr9:95637297:95637341:-,9_95640171_C_T,chr9,95640172,95640320,-,95640171,C,T,chr9:95640320:95640102|95640172:-@chr9:95637297:95637341:-_9_95640171_C_T
4422,chr1:144614840:144614993|144614998:+@chr1:144615096:144615303:+,1_144614991_A_G,chr1,144614840,144614993,+,144614991,A,G,chr1:144614840:144614993|144614998:+@chr1:144615096:144615303:+_1_144614991_A_G
4443,chr1:225239153:225239386|225239497:+@chr1:225266909:225267250:+,1_225239384_G_A,chr1,225239153,225239386,+,225239384,G,A,chr1:225239153:225239386|225239497:+@chr1:225266909:225267250:+_1_225239384_G_A
4454,chr2:159477502:159477627|159477633:+@chr2:159477743:159477933:+,2_159477634_G_T,chr2,159477502,159477627,+,159477634,G,T,chr2:159477502:159477627|159477633:+@chr2:159477743:159477933:+_2_159477634_G_T
4461,chr1:26800194:26800223|26800308:+@chr1:26800576:26800626:+,1_26800309_G_A,chr1,26800194,26800223,+,26800309,G,A,chr1:26800194:26800223|26800308:+@chr1:26800576:26800626:+_1_26800309_G_A
4472,chr14:105848251:105848383|105848395:+@chr14:105848814:105848918:+,14_105848397_TG_T,chr14,105848251,105848383,+,105848397,TG,T,chr14:105848251:105848383|105848395:+@chr14:105848814:105848918:+_14_105848397_TG_T
4475,chr8:116599831:116599196|116599228:-@chr8:116430558:116430680:-,8_116599199_T_G,chr8,116599228,116599831,-,116599199,T,G,chr8:116599831:116599196|116599228:-@chr8:116430558:116430680:-_8_116599199_T_G
4540,chr16:57662419:57662714|57662740:+@chr16:57684165:57684263:+,16_57662743_G_A,chr16,57662419,57662714,+,57662743,G,A,chr16:57662419:57662714|57662740:+@chr16:57684165:57684263:+_16_57662743_G_A
4564,chr16:58658698:58658557|58658577:-@chr16:58633140:58633415:-,16_58658579_G_A,chr16,58658577,58658698,-,58658579,G,A,chr16:58658698:58658557|58658577:-@chr16:58633140:58633415:-_16_58658579_G_A
4570,chr11:834530:834745|834803:+@chr11:836063:836153:+,11_834802_A_G,chr11,834530,834745,+,834802,A,G,chr11:834530:834745|834803:+@chr11:836063:836153:+_11_834802_A_G
4589,chr19:51563350:51563082|51563301:-@chr19:51561795:51561931:-,19_51563300_C_G,chr19,51563301,51563350,-,51563300,C,G,chr19:51563350:51563082|51563301:-@chr19:51561795:51561931:-_19_51563300_C_G
4592,chr19:51563350:51563293|51563301:-@chr19:51561795:51561931:-,19_51563300_C_G,chr19,51563301,51563350,-,51563300,C,G,chr19:51563350:51563293|51563301:-@chr19:51561795:51561931:-_19_51563300_C_G
4593,chr19:7745707:7745764|7745912:+@chr19:7747128:7747748:+,19_7745761_C_T,chr19,7745707,7745764,+,7745761,C,T,chr19:7745707:7745764|7745912:+@chr19:7747128:7747748:+_19_7745761_C_T
4597,chr19:7745707:7745764|7745935:+@chr19:7747128:7747748:+,19_7745761_C_T,chr19,7745707,7745764,+,7745761,C,T,chr19:7745707:7745764|7745935:+@chr19:7747128:7747748:+_19_7745761_C_T
4623,chr2:179291093:179291232|179291430:+@chr2:179295497:179295616:+,2_179291428_G_T,chr2,179291093,179291232,+,179291428,G,T,chr2:179291093:179291232|179291430:+@chr2:179295497:179295616:+_2_179291428_G_T
4624,chr2:179291093:179291388|179291430:+@chr2:179295497:179295616:+,2_179291428_G_T,chr2,179291093,179291388,+,179291428,G,T,chr2:179291093:179291388|179291430:+@chr2:179295497:179295616:+_2_179291428_G_T
4625,chr12:69326951:69326910|69326922:-@chr12:69326458:69326620:-,12_69326912_C_A,chr12,69326922,69326951,-,69326912,C,A,chr12:69326951:69326910|69326922:-@chr12:69326458:69326620:-_12_69326912_C_A
4627,chr12:69326951:69326910|69326922:-@chr12:69326458:69326620:-,12_69326924_G_T,chr12,69326922,69326951,-,69326924,G,T,chr12:69326951:69326910|69326922:-@chr12:69326458:69326620:-_12_69326924_G_T
4630,chr12:69326979:69326922|69326940:-@chr12:69326458:69326620:-,12_69326924_G_T,chr12,69326940,69326979,-,69326924,G,T,chr12:69326979:69326922|69326940:-@chr12:69326458:69326620:-_12_69326924_G_T
4633,chr12:69326979:69326922|69326950:-@chr12:69326458:69326620:-,12_69326924_G_T,chr12,69326950,69326979,-,69326924,G,T,chr12:69326979:69326922|69326950:-@chr12:69326458:69326620:-_12_69326924_G_T
4634,chr12:69326979:69326922|69326950:-@chr12:69326458:69326620:-,12_69326947_C_T,chr12,69326950,69326979,-,69326947,C,T,chr12:69326979:69326922|69326950:-@chr12:69326458:69326620:-_12_69326947_C_T
4638,chr12:69326979:69326940|69326950:-@chr12:69326458:69326620:-,12_69326947_C_T,chr12,69326950,69326979,-,69326947,C,T,chr12:69326979:69326940|69326950:-@chr12:69326458:69326620:-_12_69326947_C_T
4641,chr12:69326982:69326922|69326940:-@chr12:69326458:69326620:-,12_69326924_G_T,chr12,69326940,69326982,-,69326924,G,T,chr12:69326982:69326922|69326940:-@chr12:69326458:69326620:-_12_69326924_G_T
4644,chr2:241530232:241530417|241530428:+@chr2:241531350:241531567:+,2_241530423_C_T,chr2,241530232,241530417,+,241530423,C,T,chr2:241530232:241530417|241530428:+@chr2:241531350:241531567:+_2_241530423_C_T
4645,chr11:65786373:65786259|65786298:-@chr11:65784531:65784645:-,11_65786257_A_T,chr11,65786298,65786373,-,65786257,A,T,chr11:65786373:65786259|65786298:-@chr11:65784531:65784645:-_11_65786257_A_T
4654,chr2:45928522:45928630|45928663:+@chr2:46067519:46067690:+,2_45928630_G_A,chr2,45928522,45928630,+,45928630,G,A,chr2:45928522:45928630|45928663:+@chr2:46067519:46067690:+_2_45928630_G_A
4656,chr7:150749253:150749324|150749561:+@chr7:150749661:150749843:+,7_150749566_C_T,chr7,150749253,150749324,+,150749566,C,T,chr7:150749253:150749324|150749561:+@chr7:150749661:150749843:+_7_150749566_C_T
4660,chr15:89164612:89165028|89165038:+@chr15:89169377:89169980:+,15_89165031_T_A,chr15,89164612,89165028,+,89165031,T,A,chr15:89164612:89165028|89165038:+@chr15:89169377:89169980:+_15_89165031_T_A
4665,chr6:117711009:117710513|117710727:-@chr6:117708943:117709155:-,6_117710512_C_A,chr6,117710727,117711009,-,117710512,C,A,chr6:117711009:117710513|117710727:-@chr6:117708943:117709155:-_6_117710512_C_A
4675,chr6:43483439:43483333|43483344:-@chr6:43481326:43481371:-,6_43483339_C_T,chr6,43483344,43483439,-,43483339,C,T,chr6:43483439:43483333|43483344:-@chr6:43481326:43481371:-_6_43483339_C_T
4703,chr11:118888763:118888635|118888668:-@chr11:118888072:118888255:-,11_118888634_C_A,chr11,118888668,118888763,-,118888634,C,A,chr11:118888763:118888635|118888668:-@chr11:118888072:118888255:-_11_118888634_C_A
4762,chr16:71487253:71487146|71487206:-@chr16:71481506:71483788:-,16_71487206_T_C,chr16,71487206,71487253,-,71487206,T,C,chr16:71487253:71487146|71487206:-@chr16:71481506:71483788:-_16_71487206_T_C
4813,chr22:29924455:29924263|29924415:-@chr22:29924067:29924166:-,22_29924257_T_G,chr22,29924415,29924455,-,29924257,T,G,chr22:29924455:29924263|29924415:-@chr22:29924067:29924166:-_22_29924257_T_G
4841,chr15:91456503:91456604|91456636:+@chr15:91456844:91456985:+,15_91456607_A_G,chr15,91456503,91456604,+,91456607,A,G,chr15:91456503:91456604|91456636:+@chr15:91456844:91456985:+_15_91456607_A_G
4846,chr5:57789446:57789510|57789665:+@chr5:57790074:57792185:+,5_57789670_TA_T,chr5,57789446,57789510,+,57789670,TA,T,chr5:57789446:57789510|57789665:+@chr5:57790074:57792185:+_5_57789670_TA_T
4881,chr2:44588700:44588519|44588556:-@chr2:44573407:44573529:-,2_44588515_A_G,chr2,44588556,44588700,-,44588515,A,G,chr2:44588700:44588519|44588556:-@chr2:44573407:44573529:-_2_44588515_A_G
4882,chr2:44588700:44588519|44588556:-@chr2:44573407:44573529:-,2_44588520_C_T,chr2,44588556,44588700,-,44588520,C,T,chr2:44588700:44588519|44588556:-@chr2:44573407:44573529:-_2_44588520_C_T
4892,chr17:16366481:16366561|16366631:+@chr17:16373616:16373962:+,17_16366637_C_T,chr17,16366481,16366561,+,16366637,C,T,chr17:16366481:16366561|16366631:+@chr17:16373616:16373962:+_17_16366637_C_T
4908,chr11:18108601:18108404|18108409:-@chr11:18105082:18105275:-,11_18108404_T_C,chr11,18108409,18108601,-,18108404,T,C,chr11:18108601:18108404|18108409:-@chr11:18105082:18105275:-_11_18108404_T_C
4909,chr11:18108601:18108404|18108413:-@chr11:18105082:18105275:-,11_18108404_T_C,chr11,18108413,18108601,-,18108404,T,C,chr11:18108601:18108404|18108413:-@chr11:18105082:18105275:-_11_18108404_T_C
4910,chr11:18108601:18108409|18108413:-@chr11:18105082:18105275:-,11_18108404_T_C,chr11,18108413,18108601,-,18108404,T,C,chr11:18108601:18108409|18108413:-@chr11:18105082:18105275:-_11_18108404_T_C
4955,chr22:38987545:38987366|38987440:-@chr22:38974125:38982204:-,22_38987434_ACT_A,chr22,38987440,38987545,-,38987434,ACT,A,chr22:38987545:38987366|38987440:-@chr22:38974125:38982204:-_22_38987434_ACT_A
4994,chr6:135516886:135517055|135517092:+@chr6:135518099:135518461:+,6_135517059_C_T,chr6,135516886,135517055,+,135517059,C,T,chr6:135516886:135517055|135517092:+@chr6:135518099:135518461:+_6_135517059_C_T
4995,chr6:135516886:135517055|135517140:+@chr6:135518099:135518461:+,6_135517059_C_T,chr6,135516886,135517055,+,135517059,C,T,chr6:135516886:135517055|135517140:+@chr6:135518099:135518461:+_6_135517059_C_T
5005,chr15:36003908:36003992|36004090:+@chr15:36150188:36151202:+,15_36004088_T_C,chr15,36003908,36003992,+,36004088,T,C,chr15:36003908:36003992|36004090:+@chr15:36150188:36151202:+_15_36004088_T_C
5030,chr11:68673537:68673706|68673710:+@chr11:68675613:68675805:+,11_68673715_G_A,chr11,68673537,68673706,+,68673715,G,A,chr11:68673537:68673706|68673710:+@chr11:68675613:68675805:+_11_68673715_G_A
5036,chr11:68673537:68673710|68673852:+@chr11:68675613:68675805:+,11_68673715_G_A,chr11,68673537,68673710,+,68673715,G,A,chr11:68673537:68673710|68673852:+@chr11:68675613:68675805:+_11_68673715_G_A
5049,chr5:177638971:177638762|177638891:-@chr5:177635540:177635916:-,5_177638888_C_G,chr5,177638891,177638971,-,177638888,C,G,chr5:177638971:177638762|177638891:-@chr5:177635540:177635916:-_5_177638888_C_G
5128,chr17:6610475:6610347|6610351:-@chr17:6609961:6610097:-,17_6610341_G_T,chr17,6610351,6610475,-,6610341,G,T,chr17:6610475:6610347|6610351:-@chr17:6609961:6610097:-_17_6610341_G_T
5155,chr7:135095398:135095265|135095274:-@chr7:135082921:135082978:-,7_135095260_C_T,chr7,135095274,135095398,-,135095260,C,T,chr7:135095398:135095265|135095274:-@chr7:135082921:135082978:-_7_135095260_C_T
5156,chr13:53158768:53158837|53158838:+@chr13:53160945:53161225:+,13_53158844_T_G,chr13,53158768,53158837,+,53158844,T,G,chr13:53158768:53158837|53158838:+@chr13:53160945:53161225:+_13_53158844_T_G
5161,chr17:40271454:40271072|40271263:-@chr17:40270315:40270421:-,17_40271068_G_A,chr17,40271263,40271454,-,40271068,G,A,chr17:40271454:40271072|40271263:-@chr17:40270315:40270421:-_17_40271068_G_A
5184,chr17:72199795:72199849|72199884:+@chr17:72200057:72200097:+,17_72199847_G_C,chr17,72199795,72199849,+,72199847,G,C,chr17:72199795:72199849|72199884:+@chr17:72200057:72200097:+_17_72199847_G_C
5192,chr2:171804860:171804890|171804940:+@chr2:171806049:171806252:+,2_171804944_A_C,chr2,171804860,171804890,+,171804944,A,C,chr2:171804860:171804890|171804940:+@chr2:171806049:171806252:+_2_171804944_A_C
5193,chr16:4533638:4533739|4533755:+@chr16:4555485:4555611:+,16_4533738_G_A,chr16,4533638,4533739,+,4533738,G,A,chr16:4533638:4533739|4533755:+@chr16:4555485:4555611:+_16_4533738_G_A
5194,chr14:91671050:91671169|91671211:+@chr14:91681749:91681900:+,14_91671166_G_C,chr14,91671050,91671169,+,91671166,G,C,chr14:91671050:91671169|91671211:+@chr14:91681749:91681900:+_14_91671166_G_C
5202,chr1:74663926:74664044|74664110:+@chr1:74665348:74665515:+,1_74664050_A_G,chr1,74663926,74664044,+,74664050,A,G,chr1:74663926:74664044|74664110:+@chr1:74665348:74665515:+_1_74664050_A_G
5210,chr15:25340774:25340875|25340975:+@chr15:25342468:25342586:+,15_25340872_G_A,chr15,25340774,25340875,+,25340872,G,A,chr15:25340774:25340875|25340975:+@chr15:25342468:25342586:+_15_25340872_G_A
5213,chr2:183387572:183387365|183387392:-@chr2:183387003:183387113:-,2_183387360_C_G,chr2,183387392,183387572,-,183387360,C,G,chr2:183387572:183387365|183387392:-@chr2:183387003:183387113:-_2_183387360_C_G
5245,chr5:1633021:1632759|1632960:-@chr5:1630524:1630681:-,5_1632758_C_G,chr5,1632960,1633021,-,1632758,C,G,chr5:1633021:1632759|1632960:-@chr5:1630524:1630681:-_5_1632758_C_G
5256,chr7:71868427:71868232|71868236:-@chr7:71743671:71743795:-,7_71868228_A_C,chr7,71868236,71868427,-,71868228,A,C,chr7:71868427:71868232|71868236:-@chr7:71743671:71743795:-_7_71868228_A_C
5280,chr8:86131592:86131465|86131552:-@chr8:86129615:86129731:-,8_86131463_A_T,chr8,86131552,86131592,-,86131463,A,T,chr8:86131592:86131465|86131552:-@chr8:86129615:86129731:-_8_86131463_A_T
5303,chr1:115323308:115323008|115323070:-@chr1:115321763:115321905:-,1_115323005_T_C,chr1,115323070,115323308,-,115323005,T,C,chr1:115323308:115323008|115323070:-@chr1:115321763:115321905:-_1_115323005_T_C
5311,chr1:155744964:155744508|155744754:-@chr1:155742857:155743001:-,1_155744509_C_A,chr1,155744754,155744964,-,155744509,C,A,chr1:155744964:155744508|155744754:-@chr1:155742857:155743001:-_1_155744509_C_A
5347,chr19:41916542:41916721|41916914:+@chr19:41919954:41920062:+,19_41916721_C_T,chr19,41916542,41916721,+,41916721,C,T,chr19:41916542:41916721|41916914:+@chr19:41919954:41920062:+_19_41916721_C_T
5392,chr2:238494800:238494641|238494685:-@chr2:238486647:238486798:-,2_238494681_G_A,chr2,238494685,238494800,-,238494681,G,A,chr2:238494800:238494641|238494685:-@chr2:238486647:238486798:-_2_238494681_G_A
5394,chr2:238494800:238494685|238494707:-@chr2:238486647:238486798:-,2_238494681_G_A,chr2,238494707,238494800,-,238494681,G,A,chr2:238494800:238494685|238494707:-@chr2:238486647:238486798:-_2_238494681_G_A
5403,chr2:130912055:130911850|130911928:-@chr2:130911275:130911508:-,2_130911931_G_T,chr2,130911928,130912055,-,130911931,G,T,chr2:130912055:130911850|130911928:-@chr2:130911275:130911508:-_2_130911931_G_T
5404,chr7:129944318:129944406|129944419:+@chr7:129945656:129945760:+,7_129944404_G_C,chr7,129944318,129944406,+,129944404,G,C,chr7:129944318:129944406|129944419:+@chr7:129945656:129945760:+_7_129944404_G_C
5424,chr10:102746732:102746444|102746506:-@chr10:102746026:102746329:-,10_102746503_C_T,chr10,102746506,102746732,-,102746503,C,T,chr10:102746732:102746444|102746506:-@chr10:102746026:102746329:-_10_102746503_C_T
5444,chr17:61904032:61903907|61903927:-@chr17:61903618:61903664:-,17_61903901_A_G,chr17,61903927,61904032,-,61903901,A,G,chr17:61904032:61903907|61903927:-@chr17:61903618:61903664:-_17_61903901_A_G
5446,chr9:34485140:34485238|34485242:+@chr9:34485435:34485515:+,9_34485237_C_T,chr9,34485140,34485238,+,34485237,C,T,chr9:34485140:34485238|34485242:+@chr9:34485435:34485515:+_9_34485237_C_T
5457,chr16:67262398:67262534|67262560:+@chr16:67262700:67262784:+,16_67262540_T_C,chr16,67262398,67262534,+,67262540,T,C,chr16:67262398:67262534|67262560:+@chr16:67262700:67262784:+_16_67262540_T_C
5459,chr17:41131680:41131567|41131645:-@chr17:41131395:41131461:-,17_41131645_C_A,chr17,41131645,41131680,-,41131645,C,A,chr17:41131680:41131567|41131645:-@chr17:41131395:41131461:-_17_41131645_C_A
5478,chr16:2256744:2256930|2256934:+@chr16:2257036:2257111:+,16_2256935_G_T,chr16,2256744,2256930,+,2256935,G,T,chr16:2256744:2256930|2256934:+@chr16:2257036:2257111:+_16_2256935_G_T
5487,chr6:31624249:31624403|31624410:+@chr6:31625002:31625075:+,6_31624410_G_A,chr6,31624249,31624403,+,31624410,G,A,chr6:31624249:31624403|31624410:+@chr6:31625002:31625075:+_6_31624410_G_A
5518,chr1:28907158:28906937|28907072:-@chr1:28906424:28906493:-,1_28906940_C_T,chr1,28907072,28907158,-,28906940,C,T,chr1:28907158:28906937|28907072:-@chr1:28906424:28906493:-_1_28906940_C_T
5523,chr10:5930030:5929810|5929884:-@chr10:5927686:5927728:-,10_5929811_T_C,chr10,5929884,5930030,-,5929811,T,C,chr10:5930030:5929810|5929884:-@chr10:5927686:5927728:-_10_5929811_T_C
5549,chr19:38860612:38860704|38860713:+@chr19:38860799:38860898:+,19_38860718_G_A,chr19,38860612,38860704,+,38860718,G,A,chr19:38860612:38860704|38860713:+@chr19:38860799:38860898:+_19_38860718_G_A
5561,chr3:44492454:44492360|44492396:-@chr3:44491939:44492065:-,3_44492399_G_C,chr3,44492396,44492454,-,44492399,G,C,chr3:44492454:44492360|44492396:-@chr3:44491939:44492065:-_3_44492399_G_C
5591,chr7:30603614:30603339|30603347:-@chr7:30601082:30601744:-,7_30603340_G_A,chr7,30603347,30603614,-,30603340,G,A,chr7:30603614:30603339|30603347:-@chr7:30601082:30601744:-_7_30603340_G_A
5610,chr4:1208261:1207979|1208131:-@chr4:1207266:1207393:-,4_1207978_C_T,chr4,1208131,1208261,-,1207978,C,T,chr4:1208261:1207979|1208131:-@chr4:1207266:1207393:-_4_1207978_C_T
5623,chr18:47018834:47018628|47018645:-@chr18:47018106:47018203:-,18_47018642_G_C,chr18,47018645,47018834,-,47018642,G,C,chr18:47018834:47018628|47018645:-@chr18:47018106:47018203:-_18_47018642_G_C
5633,chr10:116057172:116056979|116056991:-@chr10:116056737:116056859:-,10_116056981_G_A,chr10,116056991,116057172,-,116056981,G,A,chr10:116057172:116056979|116056991:-@chr10:116056737:116056859:-_10_116056981_G_A
5634,chr10:116057172:116056979|116056991:-@chr10:116056737:116056859:-,10_116056991_A_G,chr10,116056991,116057172,-,116056991,A,G,chr10:116057172:116056979|116056991:-@chr10:116056737:116056859:-_10_116056991_A_G
5642,chr7:142460282:142460401|142460418:+@chr7:142460719:142460927:+,7_142460398_G_A,chr7,142460282,142460401,+,142460398,G,A,chr7:142460282:142460401|142460418:+@chr7:142460719:142460927:+_7_142460398_G_A
5664,chr10:103588216:103588146|103588158:-@chr10:103587908:103588015:-,10_103588143_C_G,chr10,103588158,103588216,-,103588143,C,G,chr10:103588216:103588146|103588158:-@chr10:103587908:103588015:-_10_103588143_C_G
5673,chr17:18694209:18694273|18694353:+@chr17:18700892:18700981:+,17_18694277_G_A,chr17,18694209,18694273,+,18694277,G,A,chr17:18694209:18694273|18694353:+@chr17:18700892:18700981:+_17_18694277_G_A
5677,chr7:121738920:121738799|121738803:-@chr7:121738504:121738630:-,7_121738801_A_G,chr7,121738803,121738920,-,121738801,A,G,chr7:121738920:121738799|121738803:-@chr7:121738504:121738630:-_7_121738801_A_G
5678,chr15:50593565:50593418|50593454:-@chr15:50592986:50593099:-,15_50593417_C_A,chr15,50593454,50593565,-,50593417,C,A,chr15:50593565:50593418|50593454:-@chr15:50592986:50593099:-_15_50593417_C_A
5682,chr17:4619707:4619903|4619966:+@chr17:4620512:4620571:+,17_4619903_C_A,chr17,4619707,4619903,+,4619903,C,A,chr17:4619707:4619903|4619966:+@chr17:4620512:4620571:+_17_4619903_C_A
5685,chr5:16685940:16685847|16685850:-@chr5:16683989:16684044:-,5_16685842_C_T,chr5,16685850,16685940,-,16685842,C,T,chr5:16685940:16685847|16685850:-@chr5:16683989:16684044:-_5_16685842_C_T
5686,chr5:16685940:16685847|16685850:-@chr5:16683989:16684044:-,5_16685847_C_T,chr5,16685850,16685940,-,16685847,C,T,chr5:16685940:16685847|16685850:-@chr5:16683989:16684044:-_5_16685847_C_T
5689,chr9:16042796:16042884|16042918:+@chr9:16060644:16061661:+,9_16042885_G_A,chr9,16042796,16042884,+,16042885,G,A,chr9:16042796:16042884|16042918:+@chr9:16060644:16061661:+_9_16042885_G_A
5776,chr1:211486062:211486177|211486303:+@chr1:211486766:211489725:+,1_211486180_A_G,chr1,211486062,211486177,+,211486180,A,G,chr1:211486062:211486177|211486303:+@chr1:211486766:211489725:+_1_211486180_A_G
5780,chr12:100552651:100552457|100552576:-@chr12:100551775:100551855:-,12_100552452_G_T,chr12,100552576,100552651,-,100552452,G,T,chr12:100552651:100552457|100552576:-@chr12:100551775:100551855:-_12_100552452_G_T
5783,chr12:93772354:93772469|93772566:+@chr12:93788385:93788495:+,12_93772469_C_T,chr12,93772354,93772469,+,93772469,C,T,chr12:93772354:93772469|93772566:+@chr12:93788385:93788495:+_12_93772469_C_T
5801,chr15:25212176:25212299|25212387:+@chr15:25213079:25213229:+,15_25212300_G_A,chr15,25212176,25212299,+,25212300,G,A,chr15:25212176:25212299|25212387:+@chr15:25213079:25213229:+_15_25212300_G_A
5811,chr12:112847443:112847215|112847391:-@chr12:112846224:112846460:-,12_112847215_C_T,chr12,112847391,112847443,-,112847215,C,T,chr12:112847443:112847215|112847391:-@chr12:112846224:112846460:-_12_112847215_C_T
5826,chr3:9959607:9959759|9959795:+@chr3:9960019:9960093:+,3_9959795_C_T,chr3,9959607,9959759,+,9959795,C,T,chr3:9959607:9959759|9959795:+@chr3:9960019:9960093:+_3_9959795_C_T
5857,chr7:115883990:115883896|115883932:-@chr7:115879069:115879303:-,7_115883932_A_C,chr7,115883932,115883990,-,115883932,A,C,chr7:115883990:115883896|115883932:-@chr7:115879069:115879303:-_7_115883932_A_C
5858,chr1:119619230:119618973|119619144:-@chr1:119588205:119588285:-,1_119618970_G_A,chr1,119619144,119619230,-,119618970,G,A,chr1:119619230:119618973|119619144:-@chr1:119588205:119588285:-_1_119618970_G_A
5893,chr8:67624653:67625063|67625068:+@chr8:67705851:67706067:+,8_67625062_G_T,chr8,67624653,67625063,+,67625062,G,T,chr8:67624653:67625063|67625068:+@chr8:67705851:67706067:+_8_67625062_G_T
5897,chr2:243072806:243072963|243073017:+@chr2:243080935:243081039:+,2_243073021_C_T,chr2,243072806,243072963,+,243073021,C,T,chr2:243072806:243072963|243073017:+@chr2:243080935:243081039:+_2_243073021_C_T
5898,chr4:16085088:16084855|16084923:-@chr4:16077310:16077741:-,4_16084926_C_G,chr4,16084923,16085088,-,16084926,C,G,chr4:16085088:16084855|16084923:-@chr4:16077310:16077741:-_4_16084926_C_G
5907,chr18:47018834:47018628|47018645:-@chr18:47017902:47017954:-,18_47018642_G_C,chr18,47018645,47018834,-,47018642,G,C,chr18:47018834:47018628|47018645:-@chr18:47017902:47017954:-_18_47018642_G_C
5917,chr22:50960610:50960680|50960684:+@chr22:50960772:50960844:+,22_50960682_C_T,chr22,50960610,50960680,+,50960682,C,T,chr22:50960610:50960680|50960684:+@chr22:50960772:50960844:+_22_50960682_C_T
5932,chr11:3383119:3382973|3383027:-@chr11:3379157:3381795:-,11_3382970_T_G,chr11,3383027,3383119,-,3382970,T,G,chr11:3383119:3382973|3383027:-@chr11:3379157:3381795:-_11_3382970_T_G
6038,chr20:43564032:43564138|43564143:+@chr20:43565278:43565371:+,20_43564137_G_A,chr20,43564032,43564138,+,43564137,G,A,chr20:43564032:43564138|43564143:+@chr20:43565278:43565371:+_20_43564137_G_A
6071,chr2:231331835:231331921|231331930:+@chr2:231333758:231333811:+,2_231331923_T_A,chr2,231331835,231331921,+,231331923,T,A,chr2:231331835:231331921|231331930:+@chr2:231333758:231333811:+_2_231331923_T_A
6095,chr5:148885158:148885003|148885010:-@chr5:148874845:148876423:-,5_148885006_T_C,chr5,148885010,148885158,-,148885006,T,C,chr5:148885158:148885003|148885010:-@chr5:148874845:148876423:-_5_148885006_T_C
6097,chr5:148885158:148885003|148885046:-@chr5:148874845:148876423:-,5_148885006_T_C,chr5,148885046,148885158,-,148885006,T,C,chr5:148885158:148885003|148885046:-@chr5:148874845:148876423:-_5_148885006_T_C
6099,chr5:148885158:148885010|148885046:-@chr5:148874845:148876423:-,5_148885006_T_C,chr5,148885046,148885158,-,148885006,T,C,chr5:148885158:148885010|148885046:-@chr5:148874845:148876423:-_5_148885006_T_C
6100,chr3:50387453:50387344|50387362:-@chr3:50387096:50387264:-,3_50387339_C_T,chr3,50387362,50387453,-,50387339,C,T,chr3:50387453:50387344|50387362:-@chr3:50387096:50387264:-_3_50387339_C_T
6103,chr7:99156428:99156630|99156644:+@chr7:99158156:99158318:+,7_99156646_T_C,chr7,99156428,99156630,+,99156646,T,C,chr7:99156428:99156630|99156644:+@chr7:99158156:99158318:+_7_99156646_T_C
6124,chr18:47013644:47013413|47013577:-@chr18:47009954:47010141:-,18_47013579_G_A,chr18,47013577,47013644,-,47013579,G,A,chr18:47013644:47013413|47013577:-@chr18:47009954:47010141:-_18_47013579_G_A
6148,chr1:89486426:89486036|89486215:-@chr1:89480970:89481097:-,1_89486037_C_T,chr1,89486215,89486426,-,89486037,C,T,chr1:89486426:89486036|89486215:-@chr1:89480970:89481097:-_1_89486037_C_T
6164,chr6:32917176:32917048|32917051:-@chr6:32916390:32916645:-,6_32917042_A_C,chr6,32917051,32917176,-,32917042,A,C,chr6:32917176:32917048|32917051:-@chr6:32916390:32916645:-_6_32917042_A_C
6181,chr2:102955297:102955482|102955507:+@chr2:102956558:102956732:+,2_102955513_A_G,chr2,102955297,102955482,+,102955513,A,G,chr2:102955297:102955482|102955507:+@chr2:102956558:102956732:+_2_102955513_A_G
6207,chr17:42978888:42979020|42979024:+@chr17:42979733:42981047:+,17_42979026_T_C,chr17,42978888,42979020,+,42979026,T,C,chr17:42978888:42979020|42979024:+@chr17:42979733:42981047:+_17_42979026_T_C
6233,chr19:58846118:58846555|58846571:+@chr19:58849620:58853712:+,19_58846554_A_T,chr19,58846118,58846555,+,58846554,A,T,chr19:58846118:58846555|58846571:+@chr19:58849620:58853712:+_19_58846554_A_T
6245,chr2:38303296:38302923|38303161:-@chr2:38301489:38302532:-,2_38302923_C_T,chr2,38303161,38303296,-,38302923,C,T,chr2:38303296:38302923|38303161:-@chr2:38301489:38302532:-_2_38302923_C_T
6248,chr6:28193029:28193108|28193144:+@chr6:28194790:28195282:+,6_28193114_C_A,chr6,28193029,28193108,+,28193114,C,A,chr6:28193029:28193108|28193144:+@chr6:28194790:28195282:+_6_28193114_C_A
6288,chr12:51634655:51634823|51634900:+@chr12:51636114:51637717:+,12_51634826_T_G,chr12,51634655,51634823,+,51634826,T,G,chr12:51634655:51634823|51634900:+@chr12:51636114:51637717:+_12_51634826_T_G
6316,chr1:36558023:36558123|36558126:+@chr1:36558698:36559533:+,1_36558126_G_A,chr1,36558023,36558123,+,36558126,G,A,chr1:36558023:36558123|36558126:+@chr1:36558698:36559533:+_1_36558126_G_A
